image_name,latitude,longitude,altitude,roll,pitch,yaw,accuracy horizontal,accuracy vertical
DSC08742.JPG,49.3915618497169646,8.1872940390277620,171.647,0.042,90.079,8.193,0.02,0.05
DSC08743.JPG,49.3915617921806316,8.1872940588343113,171.650,0.050,90.074,8.312,0.02,0.05
DSC08744.JPG,49.3915476903825663,8.1873179215547562,205.619,0.032,-0.008,46.835,0.02,0.05
DSC08745.JPG,49.3915817747477135,8.1873175886782246,205.653,0.078,-0.000,46.858,0.02,0.05
DSC08746.JPG,49.3916264600770560,8.1873181853987376,205.657,0.093,-0.011,47.091,0.02,0.05
DSC08747.JPG,49.3916663266830795,8.1873175431443066,205.637,0.066,0.005,46.984,0.02,0.05
DSC08748.JPG,49.3917080544442939,8.1873169237742189,205.592,0.074,0.035,47.117,0.02,0.05
DSC08749.JPG,49.3917496541206873,8.1873158186935147,205.609,0.080,-0.028,47.035,0.02,0.05
DSC08750.JPG,49.3917916219762319,8.1873174974768244,205.634,0.048,-0.060,47.119,0.02,0.05
DSC08751.JPG,49.3918349753903243,8.1873172727112244,205.629,0.055,-0.017,47.209,0.02,0.05
DSC08752.JPG,49.3918746424576582,8.1873171171415891,205.608,0.066,0.016,47.057,0.02,0.05
DSC08753.JPG,49.3919178750700922,8.1873172267842662,205.615,0.044,-0.023,47.000,0.02,0.05
DSC08754.JPG,49.3919590940619671,8.1873176612837035,205.621,0.110,0.010,47.024,0.02,0.05
DSC08755.JPG,49.3920007240672021,8.1873178513536526,205.619,0.050,-0.005,47.241,0.02,0.05
DSC08756.JPG,49.3920404410165332,8.1873166516449647,205.624,0.146,-0.011,47.398,0.02,0.05
DSC08757.JPG,49.3920815082189151,8.1873158773854797,205.616,0.136,0.018,47.230,0.02,0.05
DSC08758.JPG,49.3921246752333047,8.1873160613516784,205.620,0.096,-0.001,47.417,0.02,0.05
DSC08759.JPG,49.3921661772236931,8.1873158034339930,205.614,0.046,0.030,46.960,0.02,0.05
DSC08760.JPG,49.3922076226885167,8.1873159240695994,205.649,0.085,0.096,47.519,0.02,0.05
DSC08761.JPG,49.3922478954192954,8.1873157468200031,205.639,0.070,-0.027,46.880,0.02,0.05
DSC08762.JPG,49.3922907381971967,8.1873164078667457,205.646,0.100,0.065,47.338,0.02,0.05
DSC08763.JPG,49.3923310720548940,8.1873158436586557,205.643,-0.014,0.037,47.360,0.02,0.05
DSC08764.JPG,49.3923722247523287,8.1873164917087546,205.623,0.048,-0.030,47.265,0.02,0.05
DSC08765.JPG,49.3924136938119318,8.1873175009146522,205.618,0.079,-0.059,46.982,0.02,0.05
DSC08766.JPG,49.3924560801160268,8.1873183069410302,205.625,0.089,0.025,46.550,0.02,0.05
DSC08767.JPG,49.3924994543114693,8.1873189748446364,205.625,0.111,0.042,46.382,0.02,0.05
DSC08768.JPG,49.3925397018640240,8.1873212561248501,205.653,0.072,-0.033,46.758,0.02,0.05
DSC08769.JPG,49.3925804173677463,8.1873182408520151,205.673,0.068,0.140,47.864,0.02,0.05
DSC08770.JPG,49.3926233185497239,8.1873172535972714,205.657,0.077,0.028,46.769,0.02,0.05
DSC08771.JPG,49.3926637260674966,8.1873168942144918,205.651,0.072,0.011,46.823,0.02,0.05
DSC08772.JPG,49.3927050696429006,8.1873166948654479,205.627,0.033,0.015,47.058,0.02,0.05
DSC08773.JPG,49.3927486858813154,8.1873169519191062,205.622,0.072,-0.038,47.008,0.02,0.05
DSC08774.JPG,49.3927888622812929,8.1873163453589495,205.610,0.043,0.017,47.053,0.02,0.05
DSC08775.JPG,49.3928305729763224,8.1873160784088359,205.613,0.001,-0.091,46.877,0.02,0.05
DSC08776.JPG,49.3928707513408156,8.1873157996606025,205.639,0.048,0.097,47.644,0.02,0.05
DSC08777.JPG,49.3929124252526819,8.1873167781977596,205.637,0.056,0.083,47.330,0.02,0.05
DSC08778.JPG,49.3929549024595360,8.1873181789780691,205.609,0.078,0.009,46.593,0.02,0.05
DSC08779.JPG,49.3929961503276687,8.1873180747023468,205.627,0.023,0.056,46.985,0.02,0.05
DSC08780.JPG,49.3930375479582509,8.1873184435292767,205.629,0.041,-0.004,46.932,0.02,0.05
DSC08781.JPG,49.3930810651440027,8.1873201649182459,205.628,0.081,0.017,46.707,0.02,0.05
DSC08782.JPG,49.3931240278802619,8.1873200610119543,205.625,0.074,0.172,46.874,0.02,0.05
DSC08783.JPG,49.3931618184338106,8.1873191247262529,205.583,0.091,0.027,47.000,0.02,0.05
DSC08784.JPG,49.3932047319408483,8.1873178778100009,205.584,0.046,0.047,47.038,0.02,0.05
DSC08785.JPG,49.3932475083776055,8.1873174123468520,205.602,-0.008,0.036,47.004,0.02,0.05
DSC08786.JPG,49.3932891600651587,8.1873180334637450,205.627,0.053,0.044,46.904,0.02,0.05
DSC08787.JPG,49.3933307894009275,8.1873180210003831,205.637,0.083,0.036,47.189,0.02,0.05
DSC08788.JPG,49.3933710995571573,8.1873153115782102,205.642,0.003,0.068,48.438,0.02,0.05
DSC08789.JPG,49.3934139551717450,8.1873157023836924,205.620,0.030,0.022,46.963,0.02,0.05
DSC08790.JPG,49.3934535243062527,8.1873163815963181,205.636,0.042,-0.002,46.856,0.02,0.05
DSC08791.JPG,49.3934950621851812,8.1873181485822730,205.630,0.042,0.058,47.004,0.02,0.05
DSC08792.JPG,49.3935167130227768,8.1873088945776775,205.642,-0.002,0.220,72.158,0.02,0.05
DSC08793.JPG,49.3935223574370852,8.1872967416511475,205.659,0.099,0.131,96.430,0.02,0.05
DSC08794.JPG,49.3935278611741495,8.1872338380829941,205.645,-0.017,0.063,141.184,0.02,0.05
DSC08795.JPG,49.3935233955695097,8.1872265054322639,205.649,0.006,0.008,168.330,0.02,0.05
DSC08796.JPG,49.3935167501944861,8.1872238661239649,205.613,0.140,0.106,-159.562,0.02,0.05
DSC08797.JPG,49.3934735037614416,8.1872261337554804,205.568,0.148,-0.038,-133.519,0.02,0.05
DSC08798.JPG,49.3934333749000274,8.1872263707187010,205.592,0.033,0.082,-132.759,0.02,0.05
DSC08799.JPG,49.3933899795191493,8.1872245790112306,205.632,0.086,0.065,-133.264,0.02,0.05
DSC08800.JPG,49.3933491399219804,8.1872262225098194,205.645,0.042,0.145,-132.212,0.02,0.05
DSC08801.JPG,49.3933068382712008,8.1872263834606507,205.648,0.030,0.098,-132.588,0.02,0.05
DSC08802.JPG,49.3932657751997510,8.1872272177192489,205.673,0.089,-0.018,-133.000,0.02,0.05
DSC08803.JPG,49.3932248236563325,8.1872272912744943,205.686,0.084,0.012,-132.722,0.02,0.05
DSC08804.JPG,49.3931806897379957,8.1872274399208109,205.645,0.067,0.095,-132.721,0.02,0.05
DSC08805.JPG,49.3931409812492603,8.1872270227901751,205.620,0.088,0.033,-132.165,0.02,0.05
DSC08806.JPG,49.3930998370104959,8.1872262565655731,205.616,0.032,0.090,-132.754,0.02,0.05
DSC08807.JPG,49.3930579923726540,8.1872261621704734,205.639,0.108,0.102,-133.127,0.02,0.05
DSC08808.JPG,49.3930174705423681,8.1872273769872645,205.623,0.048,0.034,-132.518,0.02,0.05
DSC08809.JPG,49.3929751483130062,8.1872270425402363,205.627,0.064,0.071,-132.656,0.02,0.05
DSC08810.JPG,49.3929333624524602,8.1872261357182694,205.635,0.026,0.100,-132.752,0.02,0.05
DSC08811.JPG,49.3928920155520501,8.1872252197342590,205.634,0.056,0.027,-133.035,0.02,0.05
DSC08812.JPG,49.3928490613708675,8.1872255016712820,205.658,0.030,0.044,-132.903,0.02,0.05
DSC08813.JPG,49.3928084881144542,8.1872257829137052,205.654,0.081,0.044,-132.596,0.02,0.05
DSC08814.JPG,49.3927662784649897,8.1872262560958546,205.620,0.090,0.086,-132.791,0.02,0.05
DSC08815.JPG,49.3927253522362406,8.1872271683635098,205.628,0.030,0.088,-132.578,0.02,0.05
DSC08816.JPG,49.3926849392883014,8.1872262463112619,205.625,0.089,0.083,-133.062,0.02,0.05
DSC08817.JPG,49.3926430095652336,8.1872255436204853,205.637,0.039,0.100,-132.953,0.02,0.05
DSC08818.JPG,49.3925989055427053,8.1872255696477847,205.621,0.094,0.120,-132.740,0.02,0.05
DSC08819.JPG,49.3925587436268287,8.1872271385535491,205.631,0.081,0.078,-132.692,0.02,0.05
DSC08820.JPG,49.3925154009507565,8.1872275240834238,205.643,0.076,0.064,-132.514,0.02,0.05
DSC08821.JPG,49.3924740996598715,8.1872275680161053,205.644,0.084,0.018,-132.767,0.02,0.05
DSC08822.JPG,49.3924334356063213,8.1872274012084922,205.650,0.077,0.052,-132.787,0.02,0.05
DSC08823.JPG,49.3923924448872356,8.1872270054688823,205.635,0.056,0.039,-132.631,0.02,0.05
DSC08824.JPG,49.3923505158961689,8.1872271450701213,205.632,0.048,0.009,-132.745,0.02,0.05
DSC08825.JPG,49.3923079214631997,8.1872265980044006,205.615,0.045,0.090,-132.832,0.02,0.05
DSC08826.JPG,49.3922676859283740,8.1872265123061485,205.631,0.053,0.084,-132.650,0.02,0.05
DSC08827.JPG,49.3922253167766883,8.1872263599897952,205.634,0.031,0.112,-132.758,0.02,0.05
DSC08828.JPG,49.3921835222492476,8.1872261120327785,205.628,0.057,0.047,-132.713,0.02,0.05
DSC08829.JPG,49.3921416740658756,8.1872263062506310,205.630,0.070,0.050,-132.737,0.02,0.05
DSC08830.JPG,49.3921020536869406,8.1872267333110180,205.642,0.060,0.080,-132.747,0.02,0.05
DSC08831.JPG,49.3920591387180892,8.1872267897882178,205.644,0.033,0.130,-132.726,0.02,0.05
DSC08832.JPG,49.3920182597336321,8.1872266061628380,205.659,0.078,0.036,-132.767,0.02,0.05
DSC08833.JPG,49.3919763784984767,8.1872261190002718,205.642,0.034,0.029,-132.821,0.02,0.05
DSC08834.JPG,49.3919691495534678,8.1872260719205467,205.640,0.057,0.054,-132.803,0.02,0.05
DSC08835.JPG,49.3919339840037850,8.1872265901745926,205.632,0.037,0.019,-132.794,0.02,0.05
DSC08836.JPG,49.3918938093590754,8.1872264395312992,205.639,0.043,0.061,-132.866,0.02,0.05
DSC08837.JPG,49.3918504874682469,8.1872265294171758,205.639,0.061,0.121,-132.722,0.02,0.05
DSC08838.JPG,49.3918113232119964,8.1872268986963253,205.628,0.007,0.090,-132.743,0.02,0.05
DSC08839.JPG,49.3917689570396234,8.1872268611246835,205.621,0.053,0.051,-132.871,0.02,0.05
DSC08840.JPG,49.3917282932385646,8.1872265664449806,205.644,0.073,0.059,-132.743,0.02,0.05
DSC08841.JPG,49.3916863380193547,8.1872264003592239,205.658,0.063,0.088,-132.785,0.02,0.05
DSC08842.JPG,49.3916448123132596,8.1872268617471828,205.646,0.077,0.054,-132.736,0.02,0.05
DSC08843.JPG,49.3916037944319939,8.1872270489176078,205.625,0.059,0.128,-132.758,0.02,0.05
DSC08844.JPG,49.3915607530918592,8.1872265467897520,205.647,0.060,0.108,-132.923,0.02,0.05
DSC08845.JPG,49.3915452493698055,8.1872162068386789,205.651,0.018,-0.054,-165.816,0.02,0.05
DSC08846.JPG,49.3915426328571527,8.1872051115047775,205.640,-0.060,-0.093,163.960,0.02,0.05
DSC08847.JPG,49.3915488976977954,8.1871446882927188,205.631,-0.056,0.042,117.939,0.02,0.05
DSC08848.JPG,49.3915547138407760,8.1871366682890656,205.639,-0.091,-0.183,95.219,0.02,0.05
DSC08849.JPG,49.3915614264766276,8.1871330535562770,205.650,-0.035,-0.015,73.360,0.02,0.05
DSC08850.JPG,49.3915998262774707,8.1871326542405267,205.618,-0.012,0.086,47.569,0.02,0.05
DSC08851.JPG,49.3916425705427145,8.1871331182507614,205.626,0.009,0.044,47.210,0.02,0.05
DSC08852.JPG,49.3916864975553196,8.1871333167730533,205.641,0.003,0.006,47.204,0.02,0.05
DSC08853.JPG,49.3917279652655736,8.1871334488150378,205.638,0.004,0.043,46.904,0.02,0.05
DSC08854.JPG,49.3917680060529634,8.1871328089257212,205.657,0.010,0.068,47.474,0.02,0.05
DSC08855.JPG,49.3918121982502072,8.1871345405984464,205.627,-0.016,-0.032,46.906,0.02,0.05
DSC08856.JPG,49.3918538916299639,8.1871353327228942,205.626,-0.012,-0.020,46.793,0.02,0.05
DSC08857.JPG,49.3918942506842171,8.1871360714426107,205.623,0.025,-0.078,46.880,0.02,0.05
DSC08858.JPG,49.3919371512123533,8.1871365816182369,205.633,0.041,0.003,46.996,0.02,0.05
DSC08859.JPG,49.3919771435248549,8.1871355287358689,205.637,-0.043,-0.003,47.083,0.02,0.05
DSC08860.JPG,49.3920201189760348,8.1871352791062950,205.647,-0.021,0.031,46.996,0.02,0.05
DSC08861.JPG,49.3920611599619264,8.1871361208626343,205.653,-0.017,0.030,47.092,0.02,0.05
DSC08862.JPG,49.3921032259870572,8.1871356743106727,205.663,-0.041,0.037,47.137,0.02,0.05
DSC08863.JPG,49.3921452125927658,8.1871356630342991,205.623,-0.030,-0.019,47.123,0.02,0.05
DSC08864.JPG,49.3921861339071668,8.1871357143874643,205.629,-0.060,0.031,47.205,0.02,0.05
DSC08865.JPG,49.3922270006413839,8.1871347206953509,205.649,-0.013,0.064,47.223,0.02,0.05
DSC08866.JPG,49.3922683438214420,8.1871347069903724,205.649,-0.045,0.077,47.316,0.02,0.05
DSC08867.JPG,49.3923105447287867,8.1871351090779108,205.668,0.017,0.068,47.043,0.02,0.05
DSC08868.JPG,49.3923512657395207,8.1871364236430217,205.629,-0.038,0.040,46.870,0.02,0.05
DSC08869.JPG,49.3923924548184132,8.1871364180638633,205.637,0.013,0.005,47.157,0.02,0.05
DSC08870.JPG,49.3924354487528774,8.1871358725336592,205.606,-0.026,-0.003,47.043,0.02,0.05
DSC08871.JPG,49.3924764470298996,8.1871355717942524,205.614,-0.022,-0.004,47.082,0.02,0.05
DSC08872.JPG,49.3925186210884775,8.1871366503528122,205.619,0.016,0.018,46.976,0.02,0.05
DSC08873.JPG,49.3925609602420863,8.1871365795935294,205.630,0.015,-0.028,47.277,0.02,0.05
DSC08874.JPG,49.3926022420956556,8.1871358651020572,205.633,-0.017,-0.030,47.109,0.02,0.05
DSC08875.JPG,49.3926438726200985,8.1871361225855264,205.646,-0.010,0.050,47.072,0.02,0.05
DSC08876.JPG,49.3926843721578450,8.1871362401381909,205.663,-0.036,0.047,47.066,0.02,0.05
DSC08877.JPG,49.3927251939629102,8.1871365949349002,205.659,-0.023,0.013,47.092,0.02,0.05
DSC08878.JPG,49.3927678692274128,8.1871367478511772,205.621,0.043,0.036,47.037,0.02,0.05
DSC08879.JPG,49.3928096154533307,8.1871354924973616,205.639,0.004,-0.006,47.120,0.02,0.05
DSC08880.JPG,49.3928496900984371,8.1871361141613228,205.615,0.069,-0.001,47.169,0.02,0.05
DSC08881.JPG,49.3928916711959189,8.1871359710382077,205.633,0.072,-0.003,47.003,0.02,0.05
DSC08882.JPG,49.3929343174539923,8.1871359298921735,205.642,0.041,0.004,47.069,0.02,0.05
DSC08883.JPG,49.3929762478979768,8.1871356709282477,205.639,0.039,-0.031,47.060,0.02,0.05
DSC08884.JPG,49.3930168756827186,8.1871355966828645,205.639,0.064,-0.010,47.068,0.02,0.05
DSC08885.JPG,49.3930584281918499,8.1871356652753882,205.641,0.043,-0.052,47.044,0.02,0.05
DSC08886.JPG,49.3930995614404935,8.1871360614999844,205.631,0.016,-0.031,47.189,0.02,0.05
DSC08887.JPG,49.3931413204929513,8.1871362654179283,205.645,0.025,-0.027,47.103,0.02,0.05
DSC08888.JPG,49.3931828335964340,8.1871356278571348,205.632,0.008,0.025,46.998,0.02,0.05
DSC08889.JPG,49.3932246514990680,8.1871355236090348,205.642,0.051,-0.013,47.031,0.02,0.05
DSC08890.JPG,49.3932655842651371,8.1871356725503723,205.654,0.024,-0.036,47.069,0.02,0.05
DSC08891.JPG,49.3933070992296379,8.1871357582401050,205.666,-0.021,-0.023,47.099,0.02,0.05
DSC08892.JPG,49.3933501162973201,8.1871351497266662,205.639,-0.023,-0.003,46.994,0.02,0.05
DSC08893.JPG,49.3933902730891248,8.1871346220324934,205.661,-0.004,-0.002,47.126,0.02,0.05
DSC08894.JPG,49.3934335860304401,8.1871349897690440,205.656,-0.051,-0.068,46.860,0.02,0.05
DSC08895.JPG,49.3934744832755683,8.1871352700087812,205.617,0.035,-0.001,46.815,0.02,0.05
DSC08896.JPG,49.3935151307779563,8.1871353096247326,205.623,-0.019,-0.000,47.075,0.02,0.05
DSC08897.JPG,49.3935500118513531,8.1871269142473242,205.620,0.008,0.080,72.188,0.02,0.05
DSC08898.JPG,49.3935558684020393,8.1871160989591303,205.630,0.081,0.052,92.940,0.02,0.05
DSC08899.JPG,49.3935620649403972,8.1870539151358219,205.656,-0.104,0.046,135.893,0.02,0.05
DSC08900.JPG,49.3935581434012363,8.1870458203438190,205.639,-0.151,-0.047,164.110,0.02,0.05
DSC08901.JPG,49.3935513126043233,8.1870420854431707,205.639,0.059,0.034,-162.774,0.02,0.05
DSC08902.JPG,49.3935090258237679,8.1870437237972116,205.624,0.106,0.113,-133.211,0.02,0.05
DSC08903.JPG,49.3934672375914019,8.1870453650998858,205.620,0.079,0.110,-132.892,0.02,0.05
DSC08904.JPG,49.3934243681009875,8.1870452174302422,205.625,0.081,0.109,-132.607,0.02,0.05
DSC08905.JPG,49.3933835918373347,8.1870445757303028,205.637,0.063,0.117,-132.663,0.02,0.05
DSC08906.JPG,49.3933404921191084,8.1870443158550099,205.635,0.062,0.082,-132.922,0.02,0.05
DSC08907.JPG,49.3933003343308030,8.1870442531725995,205.636,0.088,0.159,-132.944,0.02,0.05
DSC08908.JPG,49.3932580590301882,8.1870444336245587,205.630,0.049,0.059,-132.687,0.02,0.05
DSC08909.JPG,49.3932155690727583,8.1870439479005164,205.616,0.036,0.173,-132.765,0.02,0.05
DSC08910.JPG,49.3931729373360895,8.1870442293600600,205.619,0.040,0.124,-132.789,0.02,0.05
DSC08911.JPG,49.3931328023411922,8.1870450384804094,205.631,0.097,0.108,-132.712,0.02,0.05
DSC08912.JPG,49.3930894036502508,8.1870452826813658,205.622,0.013,0.128,-132.788,0.02,0.05
DSC08913.JPG,49.3930481176380880,8.1870448598323033,205.625,0.083,0.088,-132.752,0.02,0.05
DSC08914.JPG,49.3930079942836926,8.1870458898079868,205.630,0.064,0.061,-132.415,0.02,0.05
DSC08915.JPG,49.3929649225894067,8.1870456998095325,205.636,0.095,0.051,-132.552,0.02,0.05
DSC08916.JPG,49.3929235739599122,8.1870449904985652,205.642,0.039,0.064,-132.847,0.02,0.05
DSC08917.JPG,49.3928820782245381,8.1870450939298873,205.653,0.102,0.119,-132.688,0.02,0.05
DSC08918.JPG,49.3928409298662601,8.1870449883294629,205.639,0.120,0.036,-132.619,0.02,0.05
DSC08919.JPG,49.3927989371429774,8.1870447100428017,205.632,0.072,0.116,-132.762,0.02,0.05
DSC08920.JPG,49.3927579158993524,8.1870449549496627,205.622,0.050,0.029,-132.791,0.02,0.05
DSC08921.JPG,49.3927154450614623,8.1870439003219335,205.638,0.085,0.132,-132.712,0.02,0.05
DSC08922.JPG,49.3926752937387690,8.1870435160887052,205.641,0.069,0.093,-132.992,0.02,0.05
DSC08923.JPG,49.3926335955141553,8.1870436279329066,205.651,0.017,0.095,-132.858,0.02,0.05
DSC08924.JPG,49.3925901514180339,8.1870450719026842,205.628,0.079,0.057,-132.273,0.02,0.05
DSC08925.JPG,49.3925482056747498,8.1870454098260517,205.635,0.044,0.045,-132.842,0.02,0.05
DSC08926.JPG,49.3925069406665287,8.1870440398771080,205.633,0.075,0.088,-132.721,0.02,0.05
DSC08927.JPG,49.3924657688662947,8.1870444435347327,205.620,0.090,0.141,-132.960,0.02,0.05
DSC08928.JPG,49.3924244634501122,8.1870437031528471,205.625,0.066,0.126,-132.914,0.02,0.05
DSC08929.JPG,49.3923830006374516,8.1870435116748475,205.629,0.019,0.138,-132.772,0.02,0.05
DSC08930.JPG,49.3923414999043899,8.1870456722789449,205.628,0.051,0.126,-132.171,0.02,0.05
DSC08931.JPG,49.3922981221741395,8.1870447300238123,205.640,0.053,0.150,-133.135,0.02,0.05
DSC08932.JPG,49.3922587300842508,8.1870453378443386,205.652,0.120,0.132,-132.549,0.02,0.05
DSC08933.JPG,49.3922145845911302,8.1870460742463695,205.644,0.066,0.095,-132.826,0.02,0.05
DSC08934.JPG,49.3921750969904991,8.1870448472216122,205.643,0.073,0.100,-132.775,0.02,0.05
DSC08935.JPG,49.3921319531866772,8.1870445378418442,205.623,0.115,0.055,-132.843,0.02,0.05
DSC08936.JPG,49.3920903579014876,8.1870451882495949,205.625,0.070,0.058,-132.552,0.02,0.05
DSC08937.JPG,49.3920484729892593,8.1870438719910954,205.612,0.066,0.121,-132.695,0.02,0.05
DSC08938.JPG,49.3920064417682099,8.1870444031813623,205.609,0.034,0.104,-132.782,0.02,0.05
DSC08939.JPG,49.3919665233237666,8.1870456500557491,205.638,0.103,0.047,-132.435,0.02,0.05
DSC08940.JPG,49.3919239250687596,8.1870459073085211,205.624,0.108,0.101,-132.716,0.02,0.05
DSC08941.JPG,49.3918831115215582,8.1870459578974639,205.633,0.064,0.076,-132.617,0.02,0.05
DSC08942.JPG,49.3918415535630828,8.1870456275259862,205.622,0.122,0.040,-132.736,0.02,0.05
DSC08943.JPG,49.3917979857165435,8.1870470545640863,205.625,0.134,0.000,-132.699,0.02,0.05
DSC08944.JPG,49.3917591970962349,8.1870482064005472,205.640,0.094,0.051,-132.530,0.02,0.05
DSC08945.JPG,49.3917166864028658,8.1870478118297374,205.642,0.079,0.060,-132.586,0.02,0.05
DSC08946.JPG,49.3916745511715476,8.1870466036826581,205.654,0.120,0.027,-132.734,0.02,0.05
DSC08947.JPG,49.3916328578387649,8.1870462281449043,205.663,0.113,0.080,-132.311,0.02,0.05
DSC08948.JPG,49.3915913298276763,8.1870449571726489,205.613,0.109,0.059,-132.853,0.02,0.05
DSC08949.JPG,49.3915528554159877,8.1870362464098339,205.650,-0.113,-0.072,-157.513,0.02,0.05
DSC08950.JPG,49.3915488952088424,8.1870204044554651,205.658,-0.086,0.035,160.975,0.02,0.05
DSC08951.JPG,49.3915550113665489,8.1869578752711529,205.659,-0.048,0.040,112.750,0.02,0.05
DSC08952.JPG,49.3915646914350148,8.1869491631949707,205.677,-0.081,0.065,79.519,0.02,0.05
DSC08953.JPG,49.3916064673934088,8.1869501977813695,205.651,0.096,-0.050,47.290,0.02,0.05
DSC08954.JPG,49.3916481583198816,8.1869518902864531,205.658,0.073,-0.055,46.939,0.02,0.05
DSC08955.JPG,49.3916907968003684,8.1869528528322331,205.658,0.089,0.011,46.870,0.02,0.05
DSC08956.JPG,49.3917321187661926,8.1869527683624401,205.635,0.083,-0.038,46.873,0.02,0.05
DSC08957.JPG,49.3917763294215888,8.1869528580385982,205.651,0.061,-0.006,46.987,0.02,0.05
DSC08958.JPG,49.3918168714908816,8.1869530113528111,205.658,0.112,-0.045,47.190,0.02,0.05
DSC08959.JPG,49.3918597674065225,8.1869535571892040,205.669,0.100,0.011,47.018,0.02,0.05
DSC08960.JPG,49.3919007944265829,8.1869530137792363,205.656,0.046,-0.008,46.873,0.02,0.05
DSC08961.JPG,49.3919420009163233,8.1869527442311565,205.635,0.111,-0.018,47.120,0.02,0.05
DSC08962.JPG,49.3919837251689131,8.1869528080329967,205.641,0.070,-0.002,47.250,0.02,0.05
DSC08963.JPG,49.3920268088153307,8.1869527881150113,205.659,0.083,-0.017,47.273,0.02,0.05
DSC08964.JPG,49.3920669441418809,8.1869528037867756,205.638,0.059,0.029,47.112,0.02,0.05
DSC08965.JPG,49.3921077541491513,8.1869529976504811,205.645,0.084,-0.012,47.105,0.02,0.05
DSC08966.JPG,49.3921519190645668,8.1869538474861834,205.654,0.101,-0.000,47.057,0.02,0.05
DSC08967.JPG,49.3921928053998940,8.1869536967459648,205.667,0.069,-0.014,46.783,0.02,0.05
DSC08968.JPG,49.3922343521890141,8.1869538852548800,205.648,0.120,-0.069,47.146,0.02,0.05
DSC08969.JPG,49.3922742463424882,8.1869528243439440,205.653,0.121,0.001,47.030,0.02,0.05
DSC08970.JPG,49.3923172615241128,8.1869530354858888,205.675,0.076,-0.031,47.099,0.02,0.05
DSC08971.JPG,49.3923578378858323,8.1869536764995328,205.657,0.093,-0.018,47.010,0.02,0.05
DSC08972.JPG,49.3923989018205845,8.1869538663154149,205.658,0.116,-0.024,47.225,0.02,0.05
DSC08973.JPG,49.3924405427968054,8.1869540901185047,205.638,0.050,0.014,46.980,0.02,0.05
DSC08974.JPG,49.3924821587884182,8.1869540318988872,205.623,0.094,-0.042,46.944,0.02,0.05
DSC08975.JPG,49.3925249641526918,8.1869537311449427,205.630,0.068,-0.037,46.973,0.02,0.05
DSC08976.JPG,49.3925657723465292,8.1869544219719685,205.633,0.066,-0.021,46.921,0.02,0.05
DSC08977.JPG,49.3926075027163236,8.1869541476425400,205.639,0.060,0.016,47.109,0.02,0.05
DSC08978.JPG,49.3926481384893634,8.1869531722776401,205.627,0.108,-0.039,47.311,0.02,0.05
DSC08979.JPG,49.3926911795092778,8.1869528612804885,205.633,0.078,-0.036,47.066,0.02,0.05
DSC08980.JPG,49.3927324974132915,8.1869540201979518,205.640,0.089,-0.005,46.955,0.02,0.05
DSC08981.JPG,49.3927739389815557,8.1869534518629692,205.652,0.090,0.011,47.185,0.02,0.05
DSC08982.JPG,49.3928150232482963,8.1869523295425193,205.639,0.084,0.050,47.431,0.02,0.05
DSC08983.JPG,49.3928580638183803,8.1869524036772763,205.616,0.041,-0.006,47.234,0.02,0.05
DSC08984.JPG,49.3928978415147242,8.1869528910891773,205.625,0.118,-0.059,47.171,0.02,0.05
DSC08985.JPG,49.3929408651488870,8.1869535510211531,205.658,0.115,-0.021,47.010,0.02,0.05
DSC08986.JPG,49.3929812545332823,8.1869542801371118,205.648,0.081,-0.049,47.057,0.02,0.05
DSC08987.JPG,49.3930225540457570,8.1869546724002724,205.635,0.032,-0.015,47.053,0.02,0.05
DSC08988.JPG,49.3930659750289465,8.1869541724350547,205.643,0.089,-0.017,47.009,0.02,0.05
DSC08989.JPG,49.3931057553367907,8.1869544438384985,205.621,0.080,-0.024,47.056,0.02,0.05
DSC08990.JPG,49.3931476275521391,8.1869537322136079,205.628,0.115,0.015,47.099,0.02,0.05
DSC08991.JPG,49.3931881241719992,8.1869539352809557,205.637,0.083,-0.011,46.953,0.02,0.05
DSC08992.JPG,49.3932308491148291,8.1869531665280597,205.630,0.098,-0.044,47.024,0.02,0.05
DSC08993.JPG,49.3932717544045516,8.1869524566305749,205.628,0.102,-0.018,46.841,0.02,0.05
DSC08994.JPG,49.3933142726946031,8.1869539113269632,205.635,0.092,-0.036,46.930,0.02,0.05
DSC08995.JPG,49.3933221230149400,8.1869538843476040,205.628,0.115,-0.057,46.784,0.02,0.05
DSC08996.JPG,49.3933542010133806,8.1869536919026356,205.643,0.109,0.008,46.943,0.02,0.05
DSC08997.JPG,49.3933974927858870,8.1869532824538158,205.640,0.052,-0.000,47.394,0.02,0.05
DSC08998.JPG,49.3934395259970884,8.1869531161726883,205.638,0.062,0.027,47.041,0.02,0.05
DSC08999.JPG,49.3934798379865398,8.1869530425396064,205.638,0.099,-0.035,46.913,0.02,0.05
DSC09000.JPG,49.3935211930245259,8.1869542700672682,205.659,0.099,-0.028,46.974,0.02,0.05
DSC09001.JPG,49.3935618926938602,8.1869545267882398,205.643,0.025,-0.040,46.718,0.02,0.05
DSC09002.JPG,49.3935741241428588,8.1869438639230925,205.655,-0.120,0.036,90.486,0.02,0.05
DSC09003.JPG,49.3935707096685377,8.1869312949926751,205.648,-0.009,0.103,155.229,0.02,0.05
DSC09004.JPG,49.3935433565386077,8.1868911531366031,205.647,0.082,0.056,-179.045,0.02,0.05
DSC09005.JPG,49.3935204778839108,8.1868686961700519,205.621,0.239,0.157,-159.156,0.02,0.05
DSC09006.JPG,49.3935127188955221,8.1868650334562520,205.606,0.115,0.105,-152.179,0.02,0.05
DSC09007.JPG,49.3934702516897843,8.1868617032608864,205.607,0.129,0.000,-133.277,0.02,0.05
DSC09008.JPG,49.3934292885892461,8.1868614325755651,205.628,0.122,0.094,-132.887,0.02,0.05
DSC09009.JPG,49.3933863122710832,8.1868613226941438,205.620,0.093,0.064,-132.738,0.02,0.05
DSC09010.JPG,49.3933456331453868,8.1868622835683151,205.625,0.069,0.073,-132.786,0.02,0.05
DSC09011.JPG,49.3933038616682012,8.1868616585092777,205.622,0.092,0.022,-132.765,0.02,0.05
DSC09012.JPG,49.3932597902469723,8.1868621710942229,205.623,0.062,0.045,-132.749,0.02,0.05
DSC09013.JPG,49.3932198974155057,8.1868619454092961,205.627,0.074,0.053,-132.635,0.02,0.05
DSC09014.JPG,49.3931770638596745,8.1868620673955608,205.641,0.121,0.077,-132.669,0.02,0.05
DSC09015.JPG,49.3931365963259239,8.1868624795079548,205.648,0.095,0.081,-132.642,0.02,0.05
DSC09016.JPG,49.3930962800551541,8.1868624189688539,205.646,0.090,-0.003,-132.675,0.02,0.05
DSC09017.JPG,49.3930520072291586,8.1868620006847319,205.619,0.084,0.013,-132.685,0.02,0.05
DSC09018.JPG,49.3930120171420270,8.1868624436695434,205.625,0.084,0.116,-132.823,0.02,0.05
DSC09019.JPG,49.3929708822936746,8.1868628901193627,205.638,0.090,0.001,-132.526,0.02,0.05
DSC09020.JPG,49.3929282903346731,8.1868617242532160,205.634,0.089,0.088,-132.858,0.02,0.05
DSC09021.JPG,49.3928877335613450,8.1868611103068094,205.626,0.069,0.083,-132.932,0.02,0.05
DSC09022.JPG,49.3928454077052805,8.1868616984666556,205.607,0.072,-0.019,-132.468,0.02,0.05
DSC09023.JPG,49.3928024091673592,8.1868613514179280,205.595,0.045,0.041,-133.000,0.02,0.05
DSC09024.JPG,49.3927559540923582,8.1868615528320134,205.563,0.091,-0.006,-132.743,0.02,0.05
DSC09025.JPG,49.3927188319686152,8.1868616486257704,205.575,0.082,0.042,-132.739,0.02,0.05
DSC09026.JPG,49.3926785220577003,8.1868616637682496,205.620,0.120,0.003,-132.723,0.02,0.05
DSC09027.JPG,49.3926368731867029,8.1868631736762616,205.630,0.105,0.003,-132.830,0.02,0.05
DSC09028.JPG,49.3925964484586046,8.1868634189180174,205.636,0.095,0.038,-132.730,0.02,0.05
DSC09029.JPG,49.3925541601813265,8.1868630595562006,205.620,0.098,0.064,-132.745,0.02,0.05
DSC09030.JPG,49.3925137871503992,8.1868634804975962,205.602,0.065,0.145,-132.499,0.02,0.05
DSC09031.JPG,49.3924738734091520,8.1868621229213847,205.611,0.076,0.089,-133.044,0.02,0.05
DSC09032.JPG,49.3924322550527393,8.1868635689949567,205.637,0.106,0.044,-132.225,0.02,0.05
DSC09033.JPG,49.3923892787580883,8.1868644755801334,205.606,0.149,-0.011,-132.470,0.02,0.05
DSC09034.JPG,49.3923483179160314,8.1868647063688069,205.617,0.077,0.041,-132.658,0.02,0.05
DSC09035.JPG,49.3923060998309538,8.1868634238244713,205.621,0.151,0.009,-132.548,0.02,0.05
DSC09036.JPG,49.3922653008807018,8.1868619279981498,205.650,0.104,0.105,-132.774,0.02,0.05
DSC09037.JPG,49.3922227045564881,8.1868617138474615,205.657,0.101,0.077,-132.619,0.02,0.05
DSC09038.JPG,49.3921805119658117,8.1868606050573653,205.648,0.026,0.161,-132.789,0.02,0.05
DSC09039.JPG,49.3921405138760576,8.1868603001415643,205.656,0.011,0.077,-132.808,0.02,0.05
DSC09040.JPG,49.3920976240996197,8.1868619832892460,205.656,0.067,0.099,-132.744,0.02,0.05
DSC09041.JPG,49.3920570495603641,8.1868619788122849,205.662,0.102,0.075,-133.017,0.02,0.05
DSC09042.JPG,49.3920136279930162,8.1868625566539741,205.618,0.095,0.039,-132.327,0.02,0.05
DSC09043.JPG,49.3919740823602993,8.1868627084543295,205.598,0.127,0.109,-132.496,0.02,0.05
DSC09044.JPG,49.3919328285553974,8.1868617049821513,205.623,0.017,0.143,-132.773,0.02,0.05
DSC09045.JPG,49.3918920347848101,8.1868624859029993,205.643,0.042,0.133,-132.761,0.02,0.05
DSC09046.JPG,49.3918503182731996,8.1868623997896659,205.640,0.017,0.109,-132.597,0.02,0.05
DSC09047.JPG,49.3918073800436517,8.1868624140383641,205.603,0.143,0.065,-132.788,0.02,0.05
DSC09048.JPG,49.3917666455405708,8.1868619903397626,205.639,0.033,0.039,-133.254,0.02,0.05
DSC09049.JPG,49.3917247768339678,8.1868610517189051,205.660,0.030,0.073,-133.107,0.02,0.05
DSC09050.JPG,49.3916839490361781,8.1868607223018284,205.635,0.039,0.053,-132.129,0.02,0.05
DSC09051.JPG,49.3916421117935158,8.1868617816113254,205.646,0.024,0.090,-132.569,0.02,0.05
DSC09052.JPG,49.3916239667941923,8.1868622494801304,205.559,0.132,-0.094,-132.291,0.02,0.05
DSC09053.JPG,49.3916029857394747,8.1868618512641440,205.636,-0.008,0.119,-132.871,0.02,0.05
DSC09054.JPG,49.3915589020252384,8.1868630230666817,205.683,-0.008,0.026,-132.760,0.02,0.05
DSC09055.JPG,49.3915487987890032,8.1868626312830450,205.650,0.117,-0.018,-133.722,0.02,0.05
DSC09056.JPG,49.3916319675641162,8.1867735142400626,197.237,0.018,35.003,-91.580,0.02,0.05
DSC09057.JPG,49.3916446495093240,8.1867769595395892,197.230,0.073,35.030,-92.602,0.02,0.05
DSC09058.JPG,49.3917425751976893,8.1867977851242806,197.280,-0.071,35.134,-91.509,0.02,0.05
DSC09059.JPG,49.3917663041137018,8.1868073272385118,197.198,0.020,35.068,-92.177,0.02,0.05
DSC09060.JPG,49.3918072360738378,8.1868157684556078,197.148,0.035,35.142,-91.844,0.02,0.05
DSC09061.JPG,49.3918590888053970,8.1868258469420834,197.202,0.009,35.135,-90.435,0.02,0.05
DSC09062.JPG,49.3919132379770573,8.1868344775034458,197.196,0.027,35.066,-89.041,0.02,0.05
DSC09063.JPG,49.3919538304099675,8.1868406553925208,197.183,0.074,35.111,-89.305,0.02,0.05
DSC09064.JPG,49.3919573745840879,8.1868408913589619,197.178,0.023,35.114,-89.306,0.02,0.05
DSC09065.JPG,49.3919767550796109,8.1868428728519369,197.183,0.153,35.128,-89.048,0.02,0.05
DSC09066.JPG,49.3920104464710406,8.1868465327983291,197.194,0.139,35.044,-89.280,0.02,0.05
DSC09067.JPG,49.3920512936441440,8.1868510693394967,197.209,0.076,35.099,-89.056,0.02,0.05
DSC09068.JPG,49.3920878914443193,8.1868554537057605,197.196,0.017,35.021,-89.294,0.02,0.05
DSC09069.JPG,49.3921183011185008,8.1868593813880253,197.191,-0.002,35.147,-89.248,0.02,0.05
DSC09070.JPG,49.3921426822451792,8.1868623139874686,197.180,-0.052,35.119,-89.259,0.02,0.05
DSC09071.JPG,49.3921604562614576,8.1868645821848567,197.184,0.042,35.124,-89.351,0.02,0.05
DSC09072.JPG,49.3921653632753177,8.1868657712043511,197.188,0.009,35.101,-89.258,0.02,0.05
DSC09073.JPG,49.3921651535197554,8.1868659426528883,197.208,0.044,35.004,-89.289,0.02,0.05
DSC09074.JPG,49.3921647145942870,8.1868657737593669,197.197,0.091,35.012,-89.317,0.02,0.05
DSC09075.JPG,49.3921656675184622,8.1868658440420266,197.176,0.026,35.106,-89.198,0.02,0.05
DSC09076.JPG,49.3921699186625176,8.1868664778097990,197.160,0.075,35.089,-89.110,0.02,0.05
DSC09077.JPG,49.3921773048678929,8.1868666263800023,197.156,0.097,35.016,-89.168,0.02,0.05
DSC09078.JPG,49.3921864277603646,8.1868670395011627,197.182,0.082,34.993,-89.344,0.02,0.05
DSC09079.JPG,49.3921969168200690,8.1868676223331320,197.193,0.066,35.031,-89.133,0.02,0.05
DSC09080.JPG,49.3922074296632516,8.1868682617114761,197.200,0.072,34.998,-89.070,0.02,0.05
DSC09081.JPG,49.3922184917383902,8.1868695784696257,197.206,-0.002,35.086,-89.026,0.02,0.05
DSC09082.JPG,49.3922290371477715,8.1868705424731143,197.199,0.013,35.050,-89.288,0.02,0.05
DSC09083.JPG,49.3922394304186696,8.1868714696422682,197.187,0.037,35.029,-89.278,0.02,0.05
DSC09084.JPG,49.3922505112871377,8.1868724959076538,197.184,0.011,35.041,-88.917,0.02,0.05
DSC09085.JPG,49.3922612047859957,8.1868739259863279,197.185,0.070,35.031,-89.334,0.02,0.05
DSC09086.JPG,49.3922727644120343,8.1868753022762206,197.176,0.105,35.064,-89.348,0.02,0.05
DSC09087.JPG,49.3922840432538308,8.1868765972026765,197.177,0.058,35.052,-89.242,0.02,0.05
DSC09088.JPG,49.3922962347588168,8.1868778594486926,197.191,0.023,35.086,-88.975,0.02,0.05
DSC09089.JPG,49.3923096036169582,8.1868792117929203,197.217,0.066,35.079,-89.245,0.02,0.05
DSC09090.JPG,49.3923245844015426,8.1868807305962257,197.217,0.048,35.048,-89.167,0.02,0.05
DSC09091.JPG,49.3923411602386793,8.1868828834215321,197.231,0.044,35.128,-89.391,0.02,0.05
DSC09092.JPG,49.3923586439728055,8.1868853183970955,197.223,0.055,35.028,-89.395,0.02,0.05
DSC09093.JPG,49.3923781408750742,8.1868874357315402,197.206,0.062,35.012,-89.351,0.02,0.05
DSC09094.JPG,49.3923990044515548,8.1868897094433155,197.216,0.024,34.976,-89.313,0.02,0.05
DSC09095.JPG,49.3924216885116465,8.1868918351475131,197.206,-0.001,35.071,-89.028,0.02,0.05
DSC09096.JPG,49.3924462297665059,8.1868938509219884,197.212,0.014,35.132,-89.037,0.02,0.05
DSC09097.JPG,49.3924729709582877,8.1868954479350755,197.196,-0.013,35.015,-89.152,0.02,0.05
DSC09098.JPG,49.3925013365203966,8.1868967100678045,197.209,0.007,35.085,-89.159,0.02,0.05
DSC09099.JPG,49.3925308240590013,8.1868974377669161,197.205,0.028,35.064,-89.392,0.02,0.05
DSC09100.JPG,49.3925595055494071,8.1868974148989917,197.191,-0.048,35.088,-89.267,0.02,0.05
DSC09101.JPG,49.3925844589844232,8.1868965001785945,197.183,-0.067,35.099,-89.011,0.02,0.05
DSC09102.JPG,49.3926047081707438,8.1868945979882870,197.183,-0.018,35.044,-88.869,0.02,0.05
DSC09103.JPG,49.3926218809348043,8.1868926906638446,197.199,0.068,35.015,-89.147,0.02,0.05
DSC09104.JPG,49.3926379503809940,8.1868910796072942,197.202,0.023,35.023,-89.279,0.02,0.05
DSC09105.JPG,49.3926526255511931,8.1868890962474872,197.189,0.080,35.006,-89.168,0.02,0.05
DSC09106.JPG,49.3926669203640714,8.1868871384425059,197.200,0.046,35.127,-89.601,0.02,0.05
DSC09107.JPG,49.3926809548731782,8.1868853120188199,197.206,0.007,35.072,-89.378,0.02,0.05
DSC09108.JPG,49.3926952855138452,8.1868830079973343,197.160,0.004,35.044,-88.939,0.02,0.05
DSC09109.JPG,49.3927112095742586,8.1868817346504166,197.168,0.066,35.049,-88.839,0.02,0.05
DSC09110.JPG,49.3927293924338144,8.1868815454323389,197.157,0.041,35.029,-89.078,0.02,0.05
DSC09111.JPG,49.3927504534912742,8.1868826194028497,197.149,0.088,35.051,-89.051,0.02,0.05
DSC09112.JPG,49.3927749664677549,8.1868841464347408,197.163,0.064,35.066,-89.337,0.02,0.05
DSC09113.JPG,49.3928030951128676,8.1868865509448128,197.173,0.032,35.036,-89.095,0.02,0.05
DSC09114.JPG,49.3928345355416951,8.1868898324203681,197.178,0.070,35.108,-89.302,0.02,0.05
DSC09115.JPG,49.3928669970870189,8.1868935234118272,197.179,0.023,35.145,-89.304,0.02,0.05
DSC09116.JPG,49.3928972494987946,8.1868973499281488,197.185,0.016,35.056,-89.055,0.02,0.05
DSC09117.JPG,49.3929251978476813,8.1869002764846321,197.184,0.014,35.081,-89.241,0.02,0.05
DSC09118.JPG,49.3929515669246442,8.1869035514371387,197.186,0.003,35.098,-89.344,0.02,0.05
DSC09119.JPG,49.3929784011669994,8.1869066805652029,197.173,0.027,35.062,-89.143,0.02,0.05
DSC09120.JPG,49.3930041045621522,8.1869095170205064,197.191,0.071,35.045,-89.225,0.02,0.05
DSC09121.JPG,49.3930268782223791,8.1869119022342876,197.210,-0.016,35.046,-89.180,0.02,0.05
DSC09122.JPG,49.3930463082263884,8.1869137228445226,197.197,-0.002,35.082,-89.111,0.02,0.05
DSC09123.JPG,49.3930633559782777,8.1869150414599989,197.190,0.017,35.118,-89.223,0.02,0.05
DSC09124.JPG,49.3930795755180938,8.1869163229521824,197.193,-0.026,35.117,-89.132,0.02,0.05
DSC09125.JPG,49.3930946245176372,8.1869172062436171,197.174,0.010,35.122,-89.217,0.02,0.05
DSC09126.JPG,49.3931093866733519,8.1869180020966752,197.188,0.083,35.084,-89.378,0.02,0.05
DSC09127.JPG,49.3931238503784584,8.1869183655000981,197.201,0.053,35.008,-89.218,0.02,0.05
DSC09128.JPG,49.3931389060639816,8.1869175677622881,197.195,0.057,35.105,-89.228,0.02,0.05
DSC09129.JPG,49.3931550952792620,8.1869166460601654,197.189,0.006,35.128,-89.100,0.02,0.05
DSC09130.JPG,49.3931723121273762,8.1869151532297728,197.168,0.088,35.145,-89.116,0.02,0.05
DSC09131.JPG,49.3931896664324341,8.1869139164202966,197.181,0.036,35.128,-89.131,0.02,0.05
DSC09132.JPG,49.3932069954169890,8.1869121645865519,197.166,0.022,35.100,-89.159,0.02,0.05
DSC09133.JPG,49.3932225773999605,8.1869097244945142,197.181,0.067,35.045,-89.154,0.02,0.05
DSC09134.JPG,49.3932367317520900,8.1869075855805864,197.179,0.066,35.116,-89.322,0.02,0.05
DSC09135.JPG,49.3932497369523418,8.1869063305546135,197.202,0.038,34.995,-89.608,0.02,0.05
DSC09136.JPG,49.3932636803634466,8.1869054070923735,197.203,0.112,35.013,-89.293,0.02,0.05
DSC09137.JPG,49.3932793157581855,8.1869043174201845,197.177,0.105,34.982,-88.951,0.02,0.05
DSC09138.JPG,49.3932955000761069,8.1869035189302970,197.178,0.052,35.020,-89.101,0.02,0.05
DSC09139.JPG,49.3933105494773201,8.1869033452991609,197.202,0.049,35.023,-88.624,0.02,0.05
DSC09140.JPG,49.3933251824456363,8.1869027458684140,197.177,0.039,35.004,-89.295,0.02,0.05
DSC09141.JPG,49.3933388494443193,8.1869024384388389,197.174,0.062,35.105,-89.206,0.02,0.05
DSC09142.JPG,49.3933526216535270,8.1869020808964699,197.168,0.032,35.058,-89.111,0.02,0.05
DSC09143.JPG,49.3933648168847697,8.1869018290941131,197.168,0.053,35.095,-89.116,0.02,0.05
DSC09144.JPG,49.3933763719403487,8.1869014761761711,197.176,0.044,35.100,-89.213,0.02,0.05
DSC09145.JPG,49.3933871513393328,8.1869009409268720,197.191,0.054,35.062,-89.025,0.02,0.05
DSC09146.JPG,49.3933973581127432,8.1869002104313449,197.179,0.016,35.034,-89.064,0.02,0.05
DSC09147.JPG,49.3934071062583229,8.1868993417635707,197.177,0.088,35.030,-89.189,0.02,0.05
DSC09148.JPG,49.3934171591270541,8.1868987594538680,197.162,0.069,35.093,-89.155,0.02,0.05
DSC09149.JPG,49.3934272482897470,8.1868983205032233,197.150,0.070,35.008,-89.180,0.02,0.05
DSC09150.JPG,49.3934369054691160,8.1868985332416333,197.174,0.083,35.067,-89.301,0.02,0.05
DSC09151.JPG,49.3934466289130754,8.1868985924341597,197.167,0.050,34.966,-89.441,0.02,0.05
DSC09152.JPG,49.3934567585993065,8.1868990254927869,197.169,0.117,35.072,-89.386,0.02,0.05
DSC09153.JPG,49.3934678637279418,8.1868998067458971,197.166,0.085,35.142,-88.973,0.02,0.05
DSC09154.JPG,49.3934791476339257,8.1869001148656810,197.162,0.020,35.112,-89.627,0.02,0.05
DSC09155.JPG,49.3934907145909534,8.1869001738854976,197.172,0.023,35.141,-89.479,0.02,0.05
DSC09156.JPG,49.3935025220973856,8.1869004640597876,197.176,0.047,35.059,-89.389,0.02,0.05
DSC09157.JPG,49.3935149863365623,8.1869012255231546,197.186,0.042,35.150,-88.953,0.02,0.05
DSC09158.JPG,49.3935275279971222,8.1869023527300300,197.180,0.053,35.139,-89.655,0.02,0.05
DSC09159.JPG,49.3935359841895973,8.1869033245696397,197.172,-0.007,35.036,-89.278,0.02,0.05
DSC09160.JPG,49.3935367290838272,8.1869034423575222,197.178,0.055,34.994,-88.826,0.02,0.05
DSC09161.JPG,49.3934900847160350,8.1870115164100135,197.803,0.032,35.096,-89.000,0.02,0.05
DSC09162.JPG,49.3934897219567119,8.1870111617282504,197.794,0.066,35.091,-89.216,0.02,0.05
DSC09163.JPG,49.3934788050741673,8.1870094727662384,197.786,-0.025,35.105,-89.244,0.02,0.05
DSC09164.JPG,49.3934506999265110,8.1870059487401399,197.802,-0.073,35.046,-89.112,0.02,0.05
DSC09165.JPG,49.3934143990152918,8.1870021221204308,197.785,-8.822,34.691,-89.254,0.02,0.05
DSC09166.JPG,49.3934019716748978,8.1870003208523396,197.796,0.173,35.112,-89.033,0.02,0.05
DSC09167.JPG,49.3933994308768405,8.1869985393234810,197.818,0.135,35.038,-89.237,0.02,0.05
DSC09168.JPG,49.3933989032159317,8.1869972834978739,197.807,0.050,35.018,-89.288,0.02,0.05
DSC09169.JPG,49.3933958914691118,8.1869962588725311,197.807,-0.019,35.099,-89.274,0.02,0.05
DSC09170.JPG,49.3933880040454909,8.1869947249480557,197.779,0.033,35.028,-89.151,0.02,0.05
DSC09171.JPG,49.3933747547614601,8.1869927967609257,197.790,0.016,35.041,-89.341,0.02,0.05
DSC09172.JPG,49.3933581914665041,8.1869904901693840,197.798,0.113,35.053,-89.326,0.02,0.05
DSC09173.JPG,49.3933417103909562,8.1869885229053860,197.795,0.109,35.125,-88.963,0.02,0.05
DSC09174.JPG,49.3933260278460082,8.1869876677283742,197.812,0.074,35.124,-89.541,0.02,0.05
DSC09175.JPG,49.3933133241249251,8.1869868272684343,197.812,0.136,35.072,-89.160,0.02,0.05
DSC09176.JPG,49.3933017469643119,8.1869859193086469,197.814,0.086,35.038,-89.125,0.02,0.05
DSC09177.JPG,49.3932909175066754,8.1869853037703670,197.811,0.113,35.122,-89.286,0.02,0.05
DSC09178.JPG,49.3932811070454818,8.1869839124144903,197.803,0.091,35.114,-89.724,0.02,0.05
DSC09179.JPG,49.3932724898536080,8.1869823825850450,197.804,0.012,35.024,-89.126,0.02,0.05
DSC09180.JPG,49.3932631604965167,8.1869808275575870,197.818,0.066,35.047,-89.217,0.02,0.05
DSC09181.JPG,49.3932535532537855,8.1869790770493012,197.806,0.021,34.981,-88.884,0.02,0.05
DSC09182.JPG,49.3932435655937212,8.1869769063508837,197.801,-0.005,35.021,-89.014,0.02,0.05
DSC09183.JPG,49.3932323139109855,8.1869748710691841,197.799,-0.000,34.999,-89.132,0.02,0.05
DSC09184.JPG,49.3932193675011391,8.1869730225832242,197.782,0.008,35.090,-89.528,0.02,0.05
DSC09185.JPG,49.3932048298897328,8.1869714363641748,197.765,0.063,35.056,-88.843,0.02,0.05
DSC09186.JPG,49.3931893178639072,8.1869703787837782,197.775,0.042,35.088,-88.946,0.02,0.05
DSC09187.JPG,49.3931731750366083,8.1869696102829987,197.790,0.038,35.118,-89.193,0.02,0.05
DSC09188.JPG,49.3931552065992889,8.1869682887508795,197.785,0.016,35.110,-89.355,0.02,0.05
DSC09189.JPG,49.3931360603774010,8.1869664328815155,197.791,0.035,35.040,-89.165,0.02,0.05
DSC09190.JPG,49.3931154328543371,8.1869644657525669,197.790,0.031,35.112,-89.371,0.02,0.05
DSC09191.JPG,49.3930949155364019,8.1869624337311784,197.787,0.114,35.110,-89.417,0.02,0.05
DSC09192.JPG,49.3930749770035149,8.1869604361824813,197.778,0.113,35.116,-89.223,0.02,0.05
DSC09193.JPG,49.3930570001679214,8.1869583997956212,197.770,0.079,35.143,-89.133,0.02,0.05
DSC09194.JPG,49.3930400284163795,8.1869568797416257,197.775,0.043,35.079,-89.075,0.02,0.05
DSC09195.JPG,49.3930236141619829,8.1869558267406664,197.786,0.067,35.121,-89.144,0.02,0.05
DSC09196.JPG,49.3930073280575499,8.1869551699124621,197.777,-0.008,35.077,-88.842,0.02,0.05
DSC09197.JPG,49.3929900285343990,8.1869546974744818,197.785,0.016,35.047,-89.285,0.02,0.05
DSC09198.JPG,49.3929717083566686,8.1869533433326165,197.791,0.009,35.149,-89.158,0.02,0.05
DSC09199.JPG,49.3929512961283450,8.1869514706408104,197.806,-0.004,35.092,-88.994,0.02,0.05
DSC09200.JPG,49.3929285538958069,8.1869496737151781,197.791,0.052,35.084,-89.123,0.02,0.05
DSC09201.JPG,49.3929041221619087,8.1869477130296442,197.798,0.043,35.050,-89.662,0.02,0.05
DSC09202.JPG,49.3928780629330504,8.1869448830671594,197.791,-0.018,35.074,-89.145,0.02,0.05
DSC09203.JPG,49.3928495550264159,8.1869418624300021,197.776,0.071,35.132,-89.565,0.02,0.05
DSC09204.JPG,49.3928191773867411,8.1869387295175429,197.757,0.044,35.029,-89.213,0.02,0.05
DSC09205.JPG,49.3927876753284210,8.1869365159587986,197.806,0.049,35.144,-88.986,0.02,0.05
DSC09206.JPG,49.3927538108000022,8.1869358897992690,197.819,0.015,35.086,-88.474,0.02,0.05
DSC09207.JPG,49.3927186167551397,8.1869341535479947,197.784,0.058,35.045,-89.087,0.02,0.05
DSC09208.JPG,49.3926810330906747,8.1869308881805161,197.778,0.045,35.001,-89.286,0.02,0.05
DSC09209.JPG,49.3926456460135483,8.1869256982865579,197.764,0.099,35.062,-89.168,0.02,0.05
DSC09210.JPG,49.3926134845044089,8.1869223731528713,197.770,0.173,35.086,-88.767,0.02,0.05
DSC09211.JPG,49.3925855173974782,8.1869157041017466,197.781,0.150,35.085,-89.631,0.02,0.05
DSC09212.JPG,49.3925616151021458,8.1869097043949015,197.815,0.063,35.135,-89.490,0.02,0.05
DSC09213.JPG,49.3925387235782765,8.1869044644958286,197.817,0.002,35.135,-89.556,0.02,0.05
DSC09214.JPG,49.3925167777739915,8.1869005371224617,197.809,0.051,35.101,-89.509,0.02,0.05
DSC09215.JPG,49.3924955843250686,8.1868967259055356,197.804,0.099,35.114,-89.950,0.02,0.05
DSC09216.JPG,49.3924751513571110,8.1868932259138418,197.797,0.025,35.084,-89.800,0.02,0.05
DSC09217.JPG,49.3924541056789508,8.1868893919796673,197.783,-0.002,35.097,-89.411,0.02,0.05
DSC09218.JPG,49.3924321473868346,8.1868841825437109,197.804,0.039,35.074,-89.068,0.02,0.05
DSC09219.JPG,49.3924091348528833,8.1868774606657926,197.793,0.000,34.968,-89.646,0.02,0.05
DSC09220.JPG,49.3923865365569625,8.1868713347508315,197.800,0.082,35.028,-89.082,0.02,0.05
DSC09221.JPG,49.3923627390055202,8.1868670921274589,197.807,0.054,35.056,-89.325,0.02,0.05
DSC09222.JPG,49.3923383438171655,8.1868645550162071,197.795,0.076,35.097,-87.846,0.02,0.05
DSC09223.JPG,49.3923138040202545,8.1868636891041824,197.812,0.011,35.080,-88.541,0.02,0.05
DSC09224.JPG,49.3922887543231894,8.1868619162764951,197.822,0.004,35.087,-89.168,0.02,0.05
DSC09225.JPG,49.3922610811911227,8.1868600600277368,197.819,-0.021,35.095,-89.228,0.02,0.05
DSC09226.JPG,49.3922317995691742,8.1868597114829633,197.842,0.056,35.153,-88.838,0.02,0.05
DSC09227.JPG,49.3922025655470662,8.1868601213872854,197.836,0.083,35.129,-88.781,0.02,0.05
DSC09228.JPG,49.3921722715396285,8.1868586262888599,197.790,0.068,35.042,-89.788,0.02,0.05
DSC09229.JPG,49.3921407733901887,8.1868550406875062,197.761,0.083,35.104,-89.730,0.02,0.05
DSC09230.JPG,49.3921092637542998,8.1868512436831615,197.778,0.009,35.106,-89.497,0.02,0.05
DSC09231.JPG,49.3920753905400431,8.1868484911079591,197.800,0.089,35.109,-89.297,0.02,0.05
DSC09232.JPG,49.3920424545804266,8.1868465757499269,197.792,0.052,35.033,-89.160,0.02,0.05
DSC09233.JPG,49.3920082817998036,8.1868442090755291,197.784,0.051,35.107,-89.017,0.02,0.05
DSC09234.JPG,49.3919730704400308,8.1868421351116645,197.801,0.070,35.082,-88.973,0.02,0.05
DSC09235.JPG,49.3919374491004106,8.1868400708559488,197.794,0.053,35.049,-88.965,0.02,0.05
DSC09236.JPG,49.3918995211924994,8.1868375824782067,197.817,0.075,35.077,-88.786,0.02,0.05
DSC09237.JPG,49.3918614053976555,8.1868343204677565,197.812,0.057,35.056,-88.856,0.02,0.05
DSC09238.JPG,49.3918233026302360,8.1868297316625647,197.798,0.061,35.118,-89.792,0.02,0.05
DSC09239.JPG,49.3917830340915955,8.1868250030485665,197.775,0.015,35.056,-89.814,0.02,0.05
DSC09240.JPG,49.3917407468033218,8.1868200983302959,197.784,-0.002,35.034,-89.367,0.02,0.05
DSC09241.JPG,49.3916956522748336,8.1868148958368767,197.787,0.028,35.109,-89.282,0.02,0.05
DSC09242.JPG,49.3916504835028647,8.1868094451707218,197.786,0.082,35.110,-89.209,0.02,0.05
DSC09243.JPG,49.3916050434042830,8.1868050140750679,197.817,0.009,35.111,-89.236,0.02,0.05
DSC09244.JPG,49.3915513476644179,8.1872305489263795,203.063,0.123,27.817,90.421,0.02,0.05
DSC09245.JPG,49.3915511824604820,8.1872303551492216,203.056,0.173,27.870,90.864,0.02,0.05
DSC09246.JPG,49.3915592483440662,8.1872299215071394,203.072,0.060,27.954,91.391,0.02,0.05
DSC09247.JPG,49.3915827385681681,8.1872291539036741,203.051,0.032,27.884,91.485,0.02,0.05
DSC09248.JPG,49.3916187509303484,8.1872283691339423,203.052,0.093,27.957,91.389,0.02,0.05
DSC09249.JPG,49.3916601703176994,8.1872281807168790,203.070,0.194,27.993,91.015,0.02,0.05
DSC09250.JPG,49.3916970013403969,8.1872287591241442,203.095,0.335,27.925,90.766,0.02,0.05
DSC09251.JPG,49.3917217737317529,8.1872288639451121,203.064,0.179,27.977,90.518,0.02,0.05
DSC09252.JPG,49.3917391967330062,8.1872289226719879,203.058,0.183,27.976,90.334,0.02,0.05
DSC09253.JPG,49.3917530543824128,8.1872287503899877,203.065,0.118,27.955,90.461,0.02,0.05
DSC09254.JPG,49.3917646978323788,8.1872283922202520,203.089,0.224,27.793,90.528,0.02,0.05
DSC09255.JPG,49.3917763567528425,8.1872278843056048,203.072,0.092,27.888,90.769,0.02,0.05
DSC09256.JPG,49.3917884847309949,8.1872276349933468,203.058,0.104,27.865,90.589,0.02,0.05
DSC09257.JPG,49.3918011225003895,8.1872275200447913,203.046,0.086,27.830,90.602,0.02,0.05
DSC09258.JPG,49.3918139119617052,8.1872269711666554,203.040,0.110,27.968,90.788,0.02,0.05
DSC09259.JPG,49.3918271937233584,8.1872261727851701,203.034,0.073,27.912,90.974,0.02,0.05
DSC09260.JPG,49.3918414142110720,8.1872254372511541,203.075,0.202,27.875,90.775,0.02,0.05
DSC09261.JPG,49.3918567416656131,8.1872247818004240,203.086,0.125,27.846,90.415,0.02,0.05
DSC09262.JPG,49.3918738475558783,8.1872242037561040,203.057,0.178,27.892,90.853,0.02,0.05
DSC09263.JPG,49.3918920604750369,8.1872235958498116,203.031,0.094,27.982,90.927,0.02,0.05
DSC09264.JPG,49.3919113614875016,8.1872233940603092,203.019,0.135,27.929,90.894,0.02,0.05
DSC09265.JPG,49.3919305540947562,8.1872229721675005,203.053,0.163,27.899,90.777,0.02,0.05
DSC09266.JPG,49.3919510609793448,8.1872221512663739,203.061,0.133,27.920,91.014,0.02,0.05
DSC09267.JPG,49.3919731618237421,8.1872213908170473,203.065,0.150,27.994,91.079,0.02,0.05
DSC09268.JPG,49.3919964621169925,8.1872206031692052,203.074,0.179,27.900,90.985,0.02,0.05
DSC09269.JPG,49.3920214625565066,8.1872194813198966,203.081,0.203,27.993,90.878,0.02,0.05
DSC09270.JPG,49.3920478879296923,8.1872187274531711,203.065,0.166,28.040,91.322,0.02,0.05
DSC09271.JPG,49.3920757205655434,8.1872183614204896,203.079,0.139,27.955,90.957,0.02,0.05
DSC09272.JPG,49.3921041988325698,8.1872178488969762,203.086,0.180,28.019,91.043,0.02,0.05
DSC09273.JPG,49.3921334628342166,8.1872173458879836,203.076,0.143,27.970,90.926,0.02,0.05
DSC09274.JPG,49.3921618068917994,8.1872165483667274,203.071,0.226,27.981,90.826,0.02,0.05
DSC09275.JPG,49.3921884370393514,8.1872152452149987,203.067,0.213,27.964,90.672,0.02,0.05
DSC09276.JPG,49.3922133217949124,8.1872138594012256,203.052,0.175,27.999,90.664,0.02,0.05
DSC09277.JPG,49.3922377066478688,8.1872132707624914,203.085,0.147,27.930,90.472,0.02,0.05
DSC09278.JPG,49.3922630772676285,8.1872133982657935,203.111,0.128,27.882,90.793,0.02,0.05
DSC09279.JPG,49.3922888247425718,8.1872110726343674,203.058,0.109,27.862,90.901,0.02,0.05
DSC09280.JPG,49.3923151512799308,8.1872089502786149,203.084,0.147,27.946,90.827,0.02,0.05
DSC09281.JPG,49.3923409701919525,8.1872088781548822,203.068,0.150,27.972,91.013,0.02,0.05
DSC09282.JPG,49.3923668359950128,8.1872094633605830,203.082,0.240,27.990,91.220,0.02,0.05
DSC09283.JPG,49.3923925097200680,8.1872095328601198,203.096,0.175,28.002,91.092,0.02,0.05
DSC09284.JPG,49.3924175385214070,8.1872088795168523,203.081,0.173,28.041,91.031,0.02,0.05
DSC09285.JPG,49.3924453260052871,8.1872082539098479,203.051,0.116,27.938,91.031,0.02,0.05
DSC09286.JPG,49.3924749704893244,8.1872074587681603,203.052,0.147,27.998,91.001,0.02,0.05
DSC09287.JPG,49.3925054145550959,8.1872067954396393,203.058,0.159,27.915,90.803,0.02,0.05
DSC09288.JPG,49.3925344493396707,8.1872064914219429,203.042,0.208,28.016,90.832,0.02,0.05
DSC09289.JPG,49.3925606115980287,8.1872064596933036,203.030,0.162,27.943,90.813,0.02,0.05
DSC09290.JPG,49.3925866506578402,8.1872061249481298,203.068,0.127,27.938,90.977,0.02,0.05
DSC09291.JPG,49.3926128281566434,8.1872055887564024,203.105,0.171,28.022,91.020,0.02,0.05
DSC09292.JPG,49.3926391850076953,8.1872055020448755,203.114,0.219,27.977,91.006,0.02,0.05
DSC09293.JPG,49.3926665642687794,8.1872056847259937,203.098,0.152,28.061,90.989,0.02,0.05
DSC09294.JPG,49.3926945652605198,8.1872051297241395,203.078,0.148,27.967,91.031,0.02,0.05
DSC09295.JPG,49.3927237844938887,8.1872041847710797,203.060,0.127,28.045,91.005,0.02,0.05
DSC09296.JPG,49.3927552082360819,8.1872031629790776,203.042,0.132,27.990,91.035,0.02,0.05
DSC09297.JPG,49.3927884888962012,8.1872019562346185,203.058,0.145,28.005,91.026,0.02,0.05
DSC09298.JPG,49.3928224587879399,8.1872005332024145,203.075,0.144,27.962,90.996,0.02,0.05
DSC09299.JPG,49.3928595249273954,8.1871990546516908,203.077,0.131,27.973,90.927,0.02,0.05
DSC09300.JPG,49.3928961498782471,8.1871974614821035,203.108,0.215,28.014,90.801,0.02,0.05
DSC09301.JPG,49.3929295355100280,8.1871958358845323,203.103,0.193,27.948,90.595,0.02,0.05
DSC09302.JPG,49.3929592759369953,8.1871942727497355,203.089,0.188,27.971,90.573,0.02,0.05
DSC09303.JPG,49.3929864363219977,8.1871927665344710,203.078,0.149,27.993,90.584,0.02,0.05
DSC09304.JPG,49.3930139194069397,8.1871911584818911,203.080,0.103,27.999,90.624,0.02,0.05
DSC09305.JPG,49.3930403070094286,8.1871893029216345,203.113,0.141,27.910,90.414,0.02,0.05
DSC09306.JPG,49.3930670617526744,8.1871862185271027,203.121,0.098,27.851,90.798,0.02,0.05
DSC09307.JPG,49.3930941608396381,8.1871837432400927,203.095,0.173,27.940,90.660,0.02,0.05
DSC09308.JPG,49.3931210631523356,8.1871810300439893,203.071,0.073,27.833,90.617,0.02,0.05
DSC09309.JPG,49.3931489045253045,8.1871781581259686,203.113,0.111,27.907,90.657,0.02,0.05
DSC09310.JPG,49.3931780982407602,8.1871759726818087,203.089,0.039,27.875,90.630,0.02,0.05
DSC09311.JPG,49.3932083191419764,8.1871744456230200,203.077,0.180,27.915,90.639,0.02,0.05
DSC09312.JPG,49.3932375405305280,8.1871742107008210,203.068,0.228,27.838,90.427,0.02,0.05
DSC09313.JPG,49.3932661680681662,8.1871744394328267,203.083,0.190,27.818,90.474,0.02,0.05
DSC09314.JPG,49.3932917810797889,8.1871747155061474,203.078,0.207,27.911,90.826,0.02,0.05
DSC09315.JPG,49.3933152561942066,8.1871752703656000,203.057,0.165,27.868,90.661,0.02,0.05
DSC09316.JPG,49.3933373027252429,8.1871755667324404,203.054,0.150,27.938,90.709,0.02,0.05
DSC09317.JPG,49.3933576838253217,8.1871755151791437,203.051,0.120,27.918,90.631,0.02,0.05
DSC09318.JPG,49.3933932692825479,8.1871752635445478,203.001,0.033,27.840,90.456,0.02,0.05
DSC09319.JPG,49.3933935741459891,8.1871753716465570,203.004,0.146,27.883,90.798,0.02,0.05
DSC09320.JPG,49.3934057768557437,8.1871753666035723,203.003,-0.020,27.868,91.127,0.02,0.05
DSC09321.JPG,49.3934309945509824,8.1871749791156034,203.026,-0.067,28.033,91.361,0.02,0.05
DSC09322.JPG,49.3934649180424898,8.1871742814320410,203.035,0.111,28.009,91.356,0.02,0.05
DSC09323.JPG,49.3935072524994467,8.1871730096964299,203.060,0.104,28.000,91.436,0.02,0.05
DSC09324.JPG,49.3935513541916151,8.1871717757768430,203.061,0.126,28.049,91.152,0.02,0.05
DSC09325.JPG,49.3934830018154258,8.1871830466649378,203.049,0.070,27.917,94.719,0.02,0.05
DSC09326.JPG,49.3934833971825640,8.1871842112183035,203.077,0.033,27.927,94.808,0.02,0.05
DSC09327.JPG,49.3934780645183480,8.1871838192297766,203.083,0.150,27.922,94.409,0.02,0.05
DSC09328.JPG,49.3934605654402077,8.1871850586397397,203.090,0.127,27.897,94.484,0.02,0.05
DSC09329.JPG,49.3934350273842639,8.1871883050328620,203.087,0.157,27.848,94.200,0.02,0.05
DSC09330.JPG,49.3934049453202348,8.1871909918316490,203.083,0.075,27.893,92.560,0.02,0.05
DSC09331.JPG,49.3933714955977052,8.1871929488250768,203.060,-0.024,27.904,92.411,0.02,0.05
DSC09332.JPG,49.3933369726145131,8.1871946132247633,203.045,0.013,27.941,92.483,0.02,0.05
DSC09333.JPG,49.3933021150971996,8.1871963614757988,203.042,-0.059,27.858,92.651,0.02,0.05
DSC09334.JPG,49.3932730082577010,8.1871983779159976,203.044,-0.062,27.937,92.713,0.02,0.05
DSC09335.JPG,49.3932492142283053,8.1871997014757483,203.055,-0.084,27.886,92.779,0.02,0.05
DSC09336.JPG,49.3932304844013288,8.1872005981922271,203.058,-0.023,27.826,92.716,0.02,0.05
DSC09337.JPG,49.3932162448987384,8.1872013585573082,203.054,0.042,27.860,92.873,0.02,0.05
DSC09338.JPG,49.3932045131009190,8.1872021390095746,203.051,0.085,27.917,92.909,0.02,0.05
DSC09339.JPG,49.3931931349556876,8.1872035746861904,203.043,0.098,27.871,92.756,0.02,0.05
DSC09340.JPG,49.3931814163173613,8.1872044949292224,203.044,0.111,27.873,92.919,0.02,0.05
DSC09341.JPG,49.3931696298257989,8.1872053023797324,203.051,0.106,27.906,92.899,0.02,0.05
DSC09342.JPG,49.3931583976961903,8.1872061749315659,203.065,0.122,27.913,92.710,0.02,0.05
DSC09343.JPG,49.3931460841248438,8.1872073327387866,203.055,0.120,27.902,92.722,0.02,0.05
DSC09344.JPG,49.3931330082582036,8.1872081909750332,203.051,0.104,27.813,92.727,0.02,0.05
DSC09345.JPG,49.3931182487420699,8.1872090391064365,203.039,0.126,27.861,92.720,0.02,0.05
DSC09346.JPG,49.3931026116869774,8.1872099149636597,203.035,0.115,27.845,92.708,0.02,0.05
DSC09347.JPG,49.3930864715543407,8.1872109635294237,203.023,0.037,27.833,92.598,0.02,0.05
DSC09348.JPG,49.3930698455971253,8.1872117070270747,203.033,0.058,27.810,92.801,0.02,0.05
DSC09349.JPG,49.3930526208024787,8.1872130370522900,203.046,0.049,27.840,92.668,0.02,0.05
DSC09350.JPG,49.3930349954173806,8.1872144676302288,203.050,0.052,27.867,92.730,0.02,0.05
DSC09351.JPG,49.3930176004335237,8.1872156263542948,203.050,0.065,27.822,92.752,0.02,0.05
DSC09352.JPG,49.3929998857325572,8.1872165739123837,203.054,0.046,27.881,92.698,0.02,0.05
DSC09353.JPG,49.3929820743765902,8.1872176050889571,203.061,0.080,27.816,92.769,0.02,0.05
DSC09354.JPG,49.3929633826532495,8.1872195808670210,203.069,0.074,27.794,92.800,0.02,0.05
DSC09355.JPG,49.3929439558937702,8.1872218106396097,203.054,0.077,27.896,92.778,0.02,0.05
DSC09356.JPG,49.3929234587472124,8.1872238106137694,203.052,0.064,27.839,92.767,0.02,0.05
DSC09357.JPG,49.3929024007205584,8.1872259383297283,203.054,0.019,27.905,92.543,0.02,0.05
DSC09358.JPG,49.3928818761711668,8.1872281209717013,203.059,0.026,27.803,92.694,0.02,0.05
DSC09359.JPG,49.3928606604304008,8.1872307658359311,203.035,0.045,27.941,92.656,0.02,0.05
DSC09360.JPG,49.3928387451238819,8.1872332469457891,203.039,0.038,27.857,92.611,0.02,0.05
DSC09361.JPG,49.3928169562741957,8.1872357035410381,203.049,0.054,27.874,92.688,0.02,0.05
DSC09362.JPG,49.3927956406968960,8.1872376186418130,203.053,0.062,27.803,92.829,0.02,0.05
DSC09363.JPG,49.3927744698031432,8.1872397267193371,203.056,-0.057,27.909,92.311,0.02,0.05
DSC09364.JPG,49.3927537376958412,8.1872416578295883,203.057,0.020,27.871,92.605,0.02,0.05
DSC09365.JPG,49.3927309607749407,8.1872438852331033,203.069,0.090,27.883,92.618,0.02,0.05
DSC09366.JPG,49.3927073906085354,8.1872464784293584,203.073,0.081,27.838,92.818,0.02,0.05
DSC09367.JPG,49.3926844958139029,8.1872495114184733,203.071,-0.055,27.803,92.770,0.02,0.05
DSC09368.JPG,49.3926618992944171,8.1872525976855375,203.072,-0.066,27.902,92.776,0.02,0.05
DSC09369.JPG,49.3926391694699802,8.1872553224699960,203.062,0.064,27.914,92.517,0.02,0.05
DSC09370.JPG,49.3926160706563664,8.1872576207199259,203.049,0.055,27.926,92.539,0.02,0.05
DSC09371.JPG,49.3925929633435885,8.1872598831211505,203.043,0.004,27.936,92.544,0.02,0.05
DSC09372.JPG,49.3925697401425339,8.1872624703866119,203.051,0.064,27.924,92.603,0.02,0.05
DSC09373.JPG,49.3925466564766324,8.1872648956605705,203.049,0.058,27.842,92.737,0.02,0.05
DSC09374.JPG,49.3925231710748278,8.1872675130658426,203.050,0.068,27.853,92.612,0.02,0.05
DSC09375.JPG,49.3924997774604293,8.1872701800823062,203.057,0.021,27.871,92.666,0.02,0.05
DSC09376.JPG,49.3924773750574957,8.1872728138140811,203.061,-0.003,27.829,92.876,0.02,0.05
DSC09377.JPG,49.3924544826194065,8.1872755739006156,203.061,0.017,27.865,92.784,0.02,0.05
DSC09378.JPG,49.3924331334882822,8.1872781917163895,203.051,0.012,27.939,92.793,0.02,0.05
DSC09379.JPG,49.3924111403616379,8.1872806627037473,203.045,0.053,27.865,92.776,0.02,0.05
DSC09380.JPG,49.3923892942806120,8.1872827949110434,203.050,0.068,27.911,92.681,0.02,0.05
DSC09381.JPG,49.3923674990504864,8.1872848298868259,203.067,0.053,27.879,92.716,0.02,0.05
DSC09382.JPG,49.3923460360117872,8.1872867459149941,203.068,0.080,27.864,92.791,0.02,0.05
DSC09383.JPG,49.3923245600476761,8.1872888103756516,203.078,0.077,27.883,92.770,0.02,0.05
DSC09384.JPG,49.3923028691344186,8.1872908399038558,203.065,0.040,27.852,92.712,0.02,0.05
DSC09385.JPG,49.3922813369730846,8.1872922750734443,203.050,0.122,27.888,92.742,0.02,0.05
DSC09386.JPG,49.3922595993191180,8.1872937721244963,203.058,0.056,27.878,92.667,0.02,0.05
DSC09387.JPG,49.3922385378338262,8.1872952554360410,203.052,0.056,27.918,92.777,0.02,0.05
DSC09388.JPG,49.3922164360122977,8.1872970577585509,203.060,0.037,27.829,92.587,0.02,0.05
DSC09389.JPG,49.3921944500162624,8.1872990286139729,203.068,0.047,27.835,92.662,0.02,0.05
DSC09390.JPG,49.3921727291888502,8.1873011254382035,203.054,0.058,27.887,92.612,0.02,0.05
DSC09391.JPG,49.3921497637330873,8.1873031692210283,203.050,0.063,27.856,92.685,0.02,0.05
DSC09392.JPG,49.3921260036627672,8.1873056798743811,203.048,0.035,27.928,92.578,0.02,0.05
DSC09393.JPG,49.3921017024734041,8.1873077438279900,203.048,0.031,27.927,92.782,0.02,0.05
DSC09394.JPG,49.3920766178703161,8.1873104123213185,203.041,0.027,27.911,92.650,0.02,0.05
DSC09395.JPG,49.3920495644529964,8.1873132485440046,203.033,0.050,27.928,92.616,0.02,0.05
DSC09396.JPG,49.3920213419677552,8.1873165775010790,203.042,-0.014,27.934,92.688,0.02,0.05
DSC09397.JPG,49.3919919200328081,8.1873199772062808,203.041,0.024,27.924,92.664,0.02,0.05
DSC09398.JPG,49.3919602119355545,8.1873237535627545,203.054,0.024,27.941,92.597,0.02,0.05
DSC09399.JPG,49.3919267626942542,8.1873271704437265,203.042,0.030,27.874,92.605,0.02,0.05
DSC09400.JPG,49.3918926673491683,8.1873301447625764,203.032,-0.012,27.937,92.576,0.02,0.05
DSC09401.JPG,49.3918574085610800,8.1873328775612926,203.040,0.023,27.928,92.752,0.02,0.05
DSC09402.JPG,49.3918201356301552,8.1873353370361919,203.039,0.058,27.928,92.433,0.02,0.05
DSC09403.JPG,49.3917844492279201,8.1873379645982034,203.055,-0.002,27.892,92.542,0.02,0.05
DSC09404.JPG,49.3917497898358420,8.1873408021987295,203.051,0.021,27.815,92.802,0.02,0.05
DSC09405.JPG,49.3917155191818438,8.1873442016584761,203.057,0.045,27.824,92.862,0.02,0.05
DSC09406.JPG,49.3916820683567934,8.1873474579306844,203.049,0.033,27.915,92.839,0.02,0.05
DSC09407.JPG,49.3916504986354497,8.1873509284054009,203.051,0.050,27.823,92.766,0.02,0.05
DSC09408.JPG,49.3916199799194615,8.1873543626978655,203.053,-0.015,27.828,92.353,0.02,0.05
DSC09409.JPG,49.3915887334363504,8.1873582433573073,203.101,-0.023,27.826,92.730,0.02,0.05
DSC09410.JPG,49.3915657449829197,8.1873614156773353,203.099,0.051,27.875,93.670,0.02,0.05
DSC09411.JPG,49.3916683636401075,8.1849964853610970,272.893,0.117,48.517,-92.521,0.02,0.05
DSC09412.JPG,49.3916680648275914,8.1849854574607956,272.825,-0.052,48.541,-92.346,0.02,0.05
DSC09413.JPG,49.3916760911654364,8.1849847179775743,272.835,0.126,48.499,-91.956,0.02,0.05
DSC09414.JPG,49.3916944013658537,8.1849864376153683,272.831,0.093,48.562,-91.837,0.02,0.05
DSC09415.JPG,49.3917194546418443,8.1849888681635896,272.828,0.074,48.479,-92.200,0.02,0.05
DSC09416.JPG,49.3917499912344695,8.1849918742991790,272.843,0.062,48.432,-92.134,0.02,0.05
DSC09417.JPG,49.3917848285854362,8.1849950628138277,272.856,0.014,48.418,-92.194,0.02,0.05
DSC09418.JPG,49.3918228969050261,8.1849976943462206,272.826,0.035,48.433,-92.154,0.02,0.05
DSC09419.JPG,49.3918641836570060,8.1849996132410041,272.834,0.016,48.441,-92.235,0.02,0.05
DSC09420.JPG,49.3919081624518128,8.1850014238007756,272.822,-0.061,48.506,-92.149,0.02,0.05
DSC09421.JPG,49.3919531800233216,8.1850035056216672,272.856,-0.082,48.393,-92.118,0.02,0.05
DSC09422.JPG,49.3920001336250749,8.1850051549351672,272.846,-0.069,48.483,-92.214,0.02,0.05
DSC09423.JPG,49.3920479500134633,8.1850066346615566,272.817,-0.071,48.354,-92.209,0.02,0.05
DSC09424.JPG,49.3920970888640554,8.1850079440128454,272.815,-0.040,48.469,-92.209,0.02,0.05
DSC09425.JPG,49.3921443771060140,8.1850085498227525,272.804,0.002,48.390,-91.770,0.02,0.05
DSC09426.JPG,49.3921948116857266,8.1850101923110152,272.821,-0.046,48.419,-91.724,0.02,0.05
DSC09427.JPG,49.3922429942091981,8.1850117741417296,272.828,-0.055,48.387,-91.719,0.02,0.05
DSC09428.JPG,49.3922925640764490,8.1850131348925661,272.850,-0.039,48.349,-91.726,0.02,0.05
DSC09429.JPG,49.3923396024290042,8.1850150342199921,272.864,-0.074,48.362,-91.660,0.02,0.05
DSC09430.JPG,49.3923853569518982,8.1850170065619050,272.853,0.013,48.354,-91.609,0.02,0.05
DSC09431.JPG,49.3924307598381986,8.1850188305037950,272.837,-0.010,48.338,-91.522,0.02,0.05
DSC09432.JPG,49.3924750479105654,8.1850202140078885,272.819,-0.015,48.452,-91.597,0.02,0.05
DSC09433.JPG,49.3925194626203421,8.1850214271942434,272.812,-0.025,48.343,-91.451,0.02,0.05
DSC09434.JPG,49.3925636593918398,8.1850226261985988,272.820,0.018,48.358,-91.504,0.02,0.05
DSC09435.JPG,49.3926069321253109,8.1850234427574833,272.843,0.018,48.330,-91.760,0.02,0.05
DSC09436.JPG,49.3926521331519339,8.1850241234169445,272.838,0.038,48.438,-91.848,0.02,0.05
DSC09437.JPG,49.3926993464094153,8.1850248415000149,272.840,-0.038,48.362,-91.609,0.02,0.05
DSC09438.JPG,49.3927465642154786,8.1850250199788501,272.829,-0.004,48.413,-91.680,0.02,0.05
DSC09439.JPG,49.3927967252641906,8.1850255525075077,272.807,0.047,48.411,-91.424,0.02,0.05
DSC09440.JPG,49.3928482804802087,8.1850259459553953,272.810,-0.006,48.367,-91.675,0.02,0.05
DSC09441.JPG,49.3929007333065613,8.1850259962765062,272.781,-0.040,48.455,-91.609,0.02,0.05
DSC09442.JPG,49.3929556880701384,8.1850257999209202,272.790,0.015,48.428,-91.749,0.02,0.05
DSC09443.JPG,49.3930125382464809,8.1850264880373746,272.813,-0.025,48.400,-91.699,0.02,0.05
DSC09444.JPG,49.3930703016667252,8.1850278595696562,272.812,-0.049,48.423,-91.550,0.02,0.05
DSC09445.JPG,49.3931280598683458,8.1850288254766177,272.795,-0.023,48.467,-91.515,0.02,0.05
DSC09446.JPG,49.3931877690624361,8.1850295131395807,272.801,0.034,48.478,-91.539,0.02,0.05
DSC09447.JPG,49.3932478854697976,8.1850296345151055,272.810,-0.073,48.410,-91.551,0.02,0.05
DSC09448.JPG,49.3933078838916586,8.1850287992598556,272.820,-0.087,48.392,-91.786,0.02,0.05
DSC09449.JPG,49.3933665389662977,8.1850286010000559,272.828,-0.012,48.366,-91.741,0.02,0.05
DSC09450.JPG,49.3934271163914218,8.1850290510779899,272.843,0.020,48.370,-91.860,0.02,0.05
DSC09451.JPG,49.3934881709374949,8.1850297823253637,272.825,0.052,48.415,-91.924,0.02,0.05
DSC09452.JPG,49.3935492851747640,8.1850314816923326,272.806,-0.085,48.395,-91.640,0.02,0.05
DSC09453.JPG,49.3936095619890736,8.1850319795580209,272.776,-0.006,48.362,-91.442,0.02,0.05
DSC09454.JPG,49.3936706935921706,8.1850313919988391,272.790,0.202,48.479,-92.885,0.02,0.05
DSC09455.JPG,49.3937016528088932,8.1850307815441781,272.776,-0.059,48.545,-91.210,0.02,0.05
DSC09456.JPG,49.3915314760520374,8.1880413012571136,272.853,0.007,44.299,89.329,0.02,0.05
DSC09457.JPG,49.3915331016344155,8.1880420893143135,272.849,-0.015,44.286,89.526,0.02,0.05
DSC09458.JPG,49.3915388744960140,8.1880430290041382,272.839,0.049,44.316,89.489,0.02,0.05
DSC09459.JPG,49.3915491716610688,8.1880434455424993,272.825,0.011,44.348,89.642,0.02,0.05
DSC09460.JPG,49.3915663742146691,8.1880434781815161,272.802,0.028,44.310,89.692,0.02,0.05
DSC09461.JPG,49.3915894584522093,8.1880435269919172,272.792,0.070,44.359,89.804,0.02,0.05
DSC09462.JPG,49.3916170973525084,8.1880432798549432,272.800,0.094,44.311,89.765,0.02,0.05
DSC09463.JPG,49.3916445726167765,8.1880429061671123,272.793,0.162,44.305,89.725,0.02,0.05
DSC09464.JPG,49.3916724585528542,8.1880426250795235,272.815,0.187,44.331,89.502,0.02,0.05
DSC09465.JPG,49.3916969292114629,8.1880422793532581,272.830,-0.022,44.349,89.445,0.02,0.05
DSC09466.JPG,49.3917044475530744,8.1880426048161663,272.832,0.176,44.437,89.055,0.02,0.05
DSC09467.JPG,49.3917061715923680,8.1880423476961077,272.838,0.110,44.319,89.249,0.02,0.05
DSC09468.JPG,49.3917090389347067,8.1880421185244767,272.847,0.007,44.335,89.455,0.02,0.05
DSC09469.JPG,49.3917154708340078,8.1880420204255433,272.843,0.025,44.438,89.409,0.02,0.05
DSC09470.JPG,49.3917252629935533,8.1880418175944190,272.829,0.095,44.429,89.441,0.02,0.05
DSC09471.JPG,49.3917387278132125,8.1880418717850656,272.805,0.095,44.383,89.639,0.02,0.05
DSC09472.JPG,49.3917557313874909,8.1880419640624229,272.814,0.089,44.346,89.604,0.02,0.05
DSC09473.JPG,49.3917750867720002,8.1880415331248546,272.816,0.103,44.335,89.578,0.02,0.05
DSC09474.JPG,49.3917972031741002,8.1880408595705116,272.818,0.078,44.362,89.685,0.02,0.05
DSC09475.JPG,49.3918207701299607,8.1880400958276827,272.825,0.123,44.398,89.536,0.02,0.05
DSC09476.JPG,49.3918455846454378,8.1880392673503195,272.824,0.100,44.389,89.600,0.02,0.05
DSC09477.JPG,49.3918705839886201,8.1880384300267028,272.828,0.186,44.319,89.506,0.02,0.05
DSC09478.JPG,49.3918946183996681,8.1880380096386425,272.828,0.152,44.401,89.203,0.02,0.05
DSC09479.JPG,49.3919171293360790,8.1880374746283415,272.825,0.169,44.328,89.562,0.02,0.05
DSC09480.JPG,49.3919387438712860,8.1880365479584096,272.807,0.113,44.392,89.410,0.02,0.05
DSC09481.JPG,49.3919598615552999,8.1880361670602486,272.806,0.182,44.408,89.438,0.02,0.05
DSC09482.JPG,49.3919805824275500,8.1880355598009444,272.800,0.137,44.295,89.506,0.02,0.05
DSC09483.JPG,49.3920007516129402,8.1880348250100923,272.795,0.114,44.419,89.455,0.02,0.05
DSC09484.JPG,49.3920202755318698,8.1880341025388628,272.798,0.081,44.407,89.387,0.02,0.05
DSC09485.JPG,49.3920398857091669,8.1880334962682610,272.807,0.069,44.411,89.360,0.02,0.05
DSC09486.JPG,49.3920588213725438,8.1880332551684951,272.824,0.053,44.409,89.368,0.02,0.05
DSC09487.JPG,49.3920779434550141,8.1880330819553979,272.838,0.048,44.415,89.374,0.02,0.05
DSC09488.JPG,49.3920972557124074,8.1880329380215517,272.852,0.065,44.458,89.270,0.02,0.05
DSC09489.JPG,49.3921173571419345,8.1880325737068862,272.842,0.100,44.422,89.528,0.02,0.05
DSC09490.JPG,49.3921385367111796,8.1880321502988345,272.841,0.058,44.403,89.441,0.02,0.05
DSC09491.JPG,49.3921604909365541,8.1880317914296814,272.833,0.074,44.458,89.414,0.02,0.05
DSC09492.JPG,49.3921820198915071,8.1880313524368162,272.839,0.116,44.319,89.631,0.02,0.05
DSC09493.JPG,49.3922061152575509,8.1880305794220067,272.859,0.065,44.365,89.584,0.02,0.05
DSC09494.JPG,49.3922317575430938,8.1880297083483633,272.849,0.089,44.347,89.566,0.02,0.05
DSC09495.JPG,49.3922599338112818,8.1880288135244292,272.843,0.070,44.324,89.660,0.02,0.05
DSC09496.JPG,49.3922905383063764,8.1880278801255670,272.837,0.113,44.401,89.522,0.02,0.05
DSC09497.JPG,49.3923222687015979,8.1880269332486630,272.828,0.134,44.406,89.932,0.02,0.05
DSC09498.JPG,49.3923575770749324,8.1880254259493430,272.811,0.083,44.496,89.989,0.02,0.05
DSC09499.JPG,49.3923978702114752,8.1880236116173855,272.810,0.096,44.431,90.342,0.02,0.05
DSC09500.JPG,49.3924415928058806,8.1880216110472226,272.810,0.137,44.408,90.184,0.02,0.05
DSC09501.JPG,49.3924857219807478,8.1880197305889766,272.824,0.159,44.395,89.603,0.02,0.05
DSC09502.JPG,49.3925308778134635,8.1880185916805424,272.818,0.156,44.436,89.863,0.02,0.05
DSC09503.JPG,49.3925759037805392,8.1880168894329000,272.829,0.144,44.406,89.707,0.02,0.05
DSC09504.JPG,49.3926210930921030,8.1880156786754821,272.857,0.138,44.499,89.937,0.02,0.05
DSC09505.JPG,49.3926660427108715,8.1880147090186011,272.820,0.108,44.502,89.781,0.02,0.05
DSC09506.JPG,49.3927116816349070,8.1880134108035989,272.804,0.104,44.522,89.835,0.02,0.05
DSC09507.JPG,49.3927585049768538,8.1880115828575235,272.793,0.158,44.522,89.779,0.02,0.05
DSC09508.JPG,49.3928060588195024,8.1880091802907078,272.785,0.224,44.510,89.651,0.02,0.05
DSC09509.JPG,49.3928526919153299,8.1880060753627184,272.775,0.214,44.376,89.822,0.02,0.05
DSC09510.JPG,49.3929031002882795,8.1880021721837988,272.773,0.228,44.398,89.794,0.02,0.05
DSC09511.JPG,49.3929530409524205,8.1879994420821323,272.777,0.161,44.427,90.014,0.02,0.05
DSC09512.JPG,49.3930070165641126,8.1879982549715926,272.820,0.172,44.443,90.045,0.02,0.05
DSC09513.JPG,49.3930637793615688,8.1879971235097209,272.838,0.130,44.402,89.650,0.02,0.05
DSC09514.JPG,49.3931227908658030,8.1879958644320503,272.812,0.216,44.454,90.306,0.02,0.05
DSC09515.JPG,49.3931830715114231,8.1879939981416712,272.798,0.216,44.423,90.345,0.02,0.05
DSC09516.JPG,49.3932462296848769,8.1879919187846415,272.815,0.215,44.492,90.334,0.02,0.05
DSC09517.JPG,49.3933096597127062,8.1879904614813750,272.823,0.172,44.493,90.221,0.02,0.05
DSC09518.JPG,49.3933739926119486,8.1879893959686818,272.851,0.155,44.437,90.337,0.02,0.05
DSC09519.JPG,49.3934397647151116,8.1879880201589899,272.838,0.213,44.478,90.098,0.02,0.05
DSC09520.JPG,49.3935057834232722,8.1879851595841053,272.798,0.230,44.421,89.946,0.02,0.05
DSC09521.JPG,49.3934762733294477,8.1867673904060201,272.817,0.043,0.405,-176.212,0.02,0.05
DSC09522.JPG,49.3934745991486253,8.1867674787339038,272.800,0.034,0.432,-175.404,0.02,0.05
DSC09523.JPG,49.3934595000797287,8.1867707264601322,272.789,0.121,0.456,-175.551,0.02,0.05
DSC09524.JPG,49.3934282661273869,8.1867772994431931,272.772,0.134,0.594,-175.635,0.02,0.05
DSC09525.JPG,49.3933796984909179,8.1867878284872830,272.791,0.116,0.560,-175.405,0.02,0.05
DSC09526.JPG,49.3933188627061597,8.1868014576754948,272.819,0.214,0.484,-175.778,0.02,0.05
DSC09527.JPG,49.3932509944961993,8.1868166062700549,272.825,0.170,0.513,-175.740,0.02,0.05
DSC09528.JPG,49.3931791287722461,8.1868326291134501,272.816,0.171,0.340,-175.936,0.02,0.05
DSC09529.JPG,49.3931071447067040,8.1868482293381586,272.838,0.145,0.345,-175.865,0.02,0.05
DSC09530.JPG,49.3930336376657309,8.1868645696541051,272.845,0.135,0.380,-175.856,0.02,0.05
DSC09531.JPG,49.3929626637393326,8.1868803599151505,272.839,0.181,0.418,-175.876,0.02,0.05
DSC09532.JPG,49.3928914354010900,8.1868958293939968,272.847,0.165,0.438,-176.127,0.02,0.05
DSC09533.JPG,49.3928255056134944,8.1869104445159362,272.827,0.165,0.393,-176.081,0.02,0.05
DSC09534.JPG,49.3927653568760832,8.1869240772765064,272.813,0.127,0.500,-175.820,0.02,0.05
DSC09535.JPG,49.3927066642444572,8.1869369818207023,272.818,0.129,0.417,-175.908,0.02,0.05
DSC09536.JPG,49.3926495038045346,8.1869451912975606,272.834,0.118,0.406,-178.049,0.02,0.05
DSC09537.JPG,49.3925928938837302,8.1869534758409461,272.816,0.105,0.336,-177.987,0.02,0.05
DSC09538.JPG,49.3925371002178508,8.1869622200587227,272.818,0.130,0.389,-177.940,0.02,0.05
DSC09539.JPG,49.3924835378137743,8.1869706870222672,272.813,0.152,0.378,-177.965,0.02,0.05
DSC09540.JPG,49.3924291756632314,8.1869795787477440,272.823,0.144,0.382,-177.900,0.02,0.05
DSC09541.JPG,49.3923760615068232,8.1869881098762516,272.827,0.120,0.372,-177.921,0.02,0.05
DSC09542.JPG,49.3923232414833535,8.1869968674919775,272.851,0.157,0.411,-177.794,0.02,0.05
DSC09543.JPG,49.3922702590191065,8.1870060334159973,272.862,0.162,0.351,-178.077,0.02,0.05
DSC09544.JPG,49.3922174233481854,8.1870143206485118,272.870,0.192,0.361,-178.143,0.02,0.05
DSC09545.JPG,49.3921613446464960,8.1870222933793872,272.865,0.191,0.408,-177.920,0.02,0.05
DSC09546.JPG,49.3921044173902857,8.1870300349686396,272.856,0.147,0.358,-179.112,0.02,0.05
DSC09547.JPG,49.3920469434057523,8.1870354087326547,272.853,0.185,0.350,-179.585,0.02,0.05
DSC09548.JPG,49.3919878960813890,8.1870408888445851,272.836,0.208,0.356,-179.653,0.02,0.05
DSC09549.JPG,49.3919288278158390,8.1870462504552393,272.835,0.163,0.335,-179.864,0.02,0.05
DSC09550.JPG,49.3918670873807386,8.1870520377544214,272.855,0.115,0.449,-179.667,0.02,0.05
DSC09551.JPG,49.3918061341409071,8.1870581580783508,272.873,0.141,0.397,-179.358,0.02,0.05
DSC09552.JPG,49.3917417114111643,8.1870642115400756,272.873,-0.002,0.428,179.770,0.02,0.05
DSC09553.JPG,49.3916766735431239,8.1870696990262584,272.851,-0.010,0.502,-179.934,0.02,0.05
DSC09554.JPG,49.3916123853693847,8.1870755622048517,272.867,0.027,0.483,178.270,0.02,0.05
